product_id,manufacturer,name,model_number,category,market_date,source_name,source_url,source_type,source_license,source_retrieved_at,markets,observed_carbon,reported_lifecycle_kg,manufacturing_kg,report_boundary,observed_field_count
identity-samsung-galaxy-s25-plus,Samsung,Galaxy S25+,Galaxy S25+,Smartphone,2025,Samsung Product Environmental Report,https://www.samsung.com/global/sustainability/landing_hub-file/AZUXQLt6IkoALYMV/Galaxy_S25%2B_Environmental_Report_EN_2503.pdf,manufacturer_report,"Copyright manufacturer; factual footprint transcribed with source",2026-08-24,Report configuration; see source,True,46.2,40.47,Cradle-to-grave product footprint; configuration and geography vary by report,2
identity-sony-playstation-5,Sony,PlayStation 5,PS5,Game console,2020,Sony product identity,https://www.playstation.com/en-us/ps5/,manufacturer_identity,"Manufacturer page; identity facts linked, source terms apply",2026-08-24,Global / see source,False,,,,0
identity-sony-playstation-5-pro,Sony,PlayStation 5 Pro,PS5 Pro,Game console,2024,Sony product identity,https://www.playstation.com/en-us/ps5/ps5-pro/,manufacturer_identity,"Manufacturer page; identity facts linked, source terms apply",2026-08-24,Global / see source,False,,,,0
identity-microsoft-xbox-series-x,Microsoft,Xbox Series X,Xbox Series X,Game console,2020,Microsoft product identity,https://www.xbox.com/en-US/consoles/xbox-series-x,manufacturer_identity,"Manufacturer page; identity facts linked, source terms apply",2026-08-24,Global / see source,False,,,,0
identity-microsoft-xbox-series-s,Microsoft,Xbox Series S,Xbox Series S,Game console,2020,Microsoft product identity,https://www.xbox.com/en-US/consoles/xbox-series-s,manufacturer_identity,"Manufacturer page; identity facts linked, source terms apply",2026-08-24,Global / see source,False,,,,0
identity-nintendo-switch-2,Nintendo,Nintendo Switch 2,Nintendo Switch 2,Game console,2025,Nintendo product identity,https://www.nintendo.com/us/gaming-systems/switch-2/,manufacturer_identity,"Manufacturer page; identity facts linked, source terms apply",2026-08-24,Global / see source,False,,,,0
identity-nintendo-switch-oled,Nintendo,Nintendo Switch OLED Model,Nintendo Switch OLED,Game console,2021,Nintendo product identity,https://www.nintendo.com/us/gaming-systems/switch/oled-model/,manufacturer_identity,"Manufacturer page; identity facts linked, source terms apply",2026-08-24,Global / see source,False,,,,0
identity-valve-steam-deck-oled,Valve,Steam Deck OLED,Steam Deck OLED,Game console,2023,Valve product identity,https://store.steampowered.com/steamdeck/,manufacturer_identity,"Manufacturer page; identity facts linked, source terms apply",2026-08-24,Global / see source,False,,,,0
identity-amazon-kindle-paperwhite-12,Amazon,Kindle Paperwhite 12th Generation,Kindle Paperwhite 12th Generation,E-reader,2024,Amazon device identification,https://www.amazon.com/gp/help/customer/display.html?nodeId=GK33S847NN4V6Y83,manufacturer_identity,"Manufacturer support page; identity facts linked, source terms apply",2026-08-24,Global / see source,False,,,,0
identity-amazon-kindle-colorsoft,Amazon,Kindle Colorsoft 1st Generation,Kindle Colorsoft 1st Generation,E-reader,2024,Amazon device identification,https://www.amazon.com/gp/help/customer/display.html?nodeId=GK33S847NN4V6Y83,manufacturer_identity,"Manufacturer support page; identity facts linked, source terms apply",2026-08-24,Global / see source,False,,,,0
identity-amazon-kindle-scribe,Amazon,Kindle Scribe 2024 Release,Kindle Scribe 2024,E-reader,2024,Amazon device identification,https://www.amazon.com/gp/help/customer/display.html?nodeId=GK33S847NN4V6Y83,manufacturer_identity,"Manufacturer support page; identity facts linked, source terms apply",2026-08-24,Global / see source,False,,,,0
identity-meta-quest-3,Meta,Meta Quest 3,Quest 3,Spatial computer,2023,Meta product identity,https://www.meta.com/quest/quest-3/,manufacturer_identity,"Manufacturer page; identity facts linked, source terms apply",2026-08-24,Global / see source,False,,,,0
identity-meta-quest-3s,Meta,Meta Quest 3S,Quest 3S,Spatial computer,2024,Meta product identity,https://www.meta.com/quest/quest-3s/,manufacturer_identity,"Manufacturer page; identity facts linked, source terms apply",2026-08-24,Global / see source,False,,,,0
