region,code,year,g_co2e_per_kwh,kg_co2e_per_kwh,source_name,source_url,source_retrieved_at
ASEAN (Ember),,2025,565.01,0.56501,Our World in Data / Ember,https://ourworldindata.org/grapher/carbon-intensity-electricity,2026-08-23T14:57:31.671025+00:00
Afghanistan,AFG,2024,131.31,0.13131,Our World in Data / Ember,https://ourworldindata.org/grapher/carbon-intensity-electricity,2026-08-23T14:57:31.671025+00:00
Africa,OWID_AFR,2024,544.13214,0.5441321400000001,Our World in Data / Ember,https://ourworldindata.org/grapher/carbon-intensity-electricity,2026-08-23T14:57:31.671025+00:00
Africa (Ember),,2025,529.88,0.52988,Our World in Data / Ember,https://ourworldindata.org/grapher/carbon-intensity-electricity,2026-08-23T14:57:31.671025+00:00
Albania,ALB,2024,25.18,0.02518,Our World in Data / Ember,https://ourworldindata.org/grapher/carbon-intensity-electricity,2026-08-23T14:57:31.671025+00:00
Algeria,DZA,2024,632.94,0.6329400000000001,Our World in Data / Ember,https://ourworldindata.org/grapher/carbon-intensity-electricity,2026-08-23T14:57:31.671025+00:00
American Samoa,ASM,2024,611.11,0.61111,Our World in Data / Ember,https://ourworldindata.org/grapher/carbon-intensity-electricity,2026-08-23T14:57:31.671025+00:00
Angola,AGO,2024,185.38,0.18538,Our World in Data / Ember,https://ourworldindata.org/grapher/carbon-intensity-electricity,2026-08-23T14:57:31.671025+00:00
Antigua and Barbuda,ATG,2024,594.6,0.5946,Our World in Data / Ember,https://ourworldindata.org/grapher/carbon-intensity-electricity,2026-08-23T14:57:31.671025+00:00
Argentina,ARG,2025,346.0,0.346,Our World in Data / Ember,https://ourworldindata.org/grapher/carbon-intensity-electricity,2026-08-23T14:57:31.671025+00:00
Armenia,ARM,2025,211.93,0.21193,Our World in Data / Ember,https://ourworldindata.org/grapher/carbon-intensity-electricity,2026-08-23T14:57:31.671025+00:00
Aruba,ABW,2024,550.0,0.55,Our World in Data / Ember,https://ourworldindata.org/grapher/carbon-intensity-electricity,2026-08-23T14:57:31.671025+00:00
Asia,OWID_ASI,2024,573.3573,0.5733573,Our World in Data / Ember,https://ourworldindata.org/grapher/carbon-intensity-electricity,2026-08-23T14:57:31.671025+00:00
Asia (Ember),,2025,544.4,0.5444,Our World in Data / Ember,https://ourworldindata.org/grapher/carbon-intensity-electricity,2026-08-23T14:57:31.671025+00:00
Australia,AUS,2025,525.18,0.52518,Our World in Data / Ember,https://ourworldindata.org/grapher/carbon-intensity-electricity,2026-08-23T14:57:31.671025+00:00
Austria,AUT,2025,116.91,0.11691,Our World in Data / Ember,https://ourworldindata.org/grapher/carbon-intensity-electricity,2026-08-23T14:57:31.671025+00:00
Azerbaijan,AZE,2025,631.9,0.6319,Our World in Data / Ember,https://ourworldindata.org/grapher/carbon-intensity-electricity,2026-08-23T14:57:31.671025+00:00
Bahamas,BHS,2024,653.33,0.6533300000000001,Our World in Data / Ember,https://ourworldindata.org/grapher/carbon-intensity-electricity,2026-08-23T14:57:31.671025+00:00
Bahrain,BHR,2024,902.24,0.90224,Our World in Data / Ember,https://ourworldindata.org/grapher/carbon-intensity-electricity,2026-08-23T14:57:31.671025+00:00
Bangladesh,BGD,2025,696.13,0.69613,Our World in Data / Ember,https://ourworldindata.org/grapher/carbon-intensity-electricity,2026-08-23T14:57:31.671025+00:00
Barbados,BRB,2024,594.6,0.5946,Our World in Data / Ember,https://ourworldindata.org/grapher/carbon-intensity-electricity,2026-08-23T14:57:31.671025+00:00
Belarus,BLR,2025,309.25,0.30925,Our World in Data / Ember,https://ourworldindata.org/grapher/carbon-intensity-electricity,2026-08-23T14:57:31.671025+00:00
Belgium,BEL,2025,149.82,0.14981999999999998,Our World in Data / Ember,https://ourworldindata.org/grapher/carbon-intensity-electricity,2026-08-23T14:57:31.671025+00:00
Belize,BLZ,2024,170.21,0.17021,Our World in Data / Ember,https://ourworldindata.org/grapher/carbon-intensity-electricity,2026-08-23T14:57:31.671025+00:00
Benin,BEN,2024,584.16,0.58416,Our World in Data / Ember,https://ourworldindata.org/grapher/carbon-intensity-electricity,2026-08-23T14:57:31.671025+00:00
Bermuda,BMU,2024,639.34,0.63934,Our World in Data / Ember,https://ourworldindata.org/grapher/carbon-intensity-electricity,2026-08-23T14:57:31.671025+00:00
Bhutan,BTN,2024,23.64,0.02364,Our World in Data / Ember,https://ourworldindata.org/grapher/carbon-intensity-electricity,2026-08-23T14:57:31.671025+00:00
Bolivia,BOL,2025,481.29,0.48129,Our World in Data / Ember,https://ourworldindata.org/grapher/carbon-intensity-electricity,2026-08-23T14:57:31.671025+00:00
Bosnia and Herzegovina,BIH,2025,570.64,0.57064,Our World in Data / Ember,https://ourworldindata.org/grapher/carbon-intensity-electricity,2026-08-23T14:57:31.671025+00:00
Botswana,BWA,2024,851.31,0.8513099999999999,Our World in Data / Ember,https://ourworldindata.org/grapher/carbon-intensity-electricity,2026-08-23T14:57:31.671025+00:00
Brazil,BRA,2025,109.95,0.10995,Our World in Data / Ember,https://ourworldindata.org/grapher/carbon-intensity-electricity,2026-08-23T14:57:31.671025+00:00
British Virgin Islands,VGB,2023,647.06,0.64706,Our World in Data / Ember,https://ourworldindata.org/grapher/carbon-intensity-electricity,2026-08-23T14:57:31.671025+00:00
Brunei,BRN,2024,892.09,0.89209,Our World in Data / Ember,https://ourworldindata.org/grapher/carbon-intensity-electricity,2026-08-23T14:57:31.671025+00:00
Bulgaria,BGR,2025,275.55,0.27555,Our World in Data / Ember,https://ourworldindata.org/grapher/carbon-intensity-electricity,2026-08-23T14:57:31.671025+00:00
Burkina Faso,BFA,2024,562.13,0.56213,Our World in Data / Ember,https://ourworldindata.org/grapher/carbon-intensity-electricity,2026-08-23T14:57:31.671025+00:00
Burundi,BDI,2024,183.67,0.18367,Our World in Data / Ember,https://ourworldindata.org/grapher/carbon-intensity-electricity,2026-08-23T14:57:31.671025+00:00
Cambodia,KHM,2025,498.87,0.49887,Our World in Data / Ember,https://ourworldindata.org/grapher/carbon-intensity-electricity,2026-08-23T14:57:31.671025+00:00
Cameroon,CMR,2024,225.9,0.22590000000000002,Our World in Data / Ember,https://ourworldindata.org/grapher/carbon-intensity-electricity,2026-08-23T14:57:31.671025+00:00
Canada,CAN,2025,190.72,0.19072,Our World in Data / Ember,https://ourworldindata.org/grapher/carbon-intensity-electricity,2026-08-23T14:57:31.671025+00:00
Cape Verde,CPV,2024,461.54,0.46154,Our World in Data / Ember,https://ourworldindata.org/grapher/carbon-intensity-electricity,2026-08-23T14:57:31.671025+00:00
Cayman Islands,CYM,2024,633.8,0.6337999999999999,Our World in Data / Ember,https://ourworldindata.org/grapher/carbon-intensity-electricity,2026-08-23T14:57:31.671025+00:00
Central African Republic,CAF,2023,0.0,0.0,Our World in Data / Ember,https://ourworldindata.org/grapher/carbon-intensity-electricity,2026-08-23T14:57:31.671025+00:00
Chad,TCD,2024,621.62,0.62162,Our World in Data / Ember,https://ourworldindata.org/grapher/carbon-intensity-electricity,2026-08-23T14:57:31.671025+00:00
Chile,CHL,2025,289.49,0.28949,Our World in Data / Ember,https://ourworldindata.org/grapher/carbon-intensity-electricity,2026-08-23T14:57:31.671025+00:00
China,CHN,2025,525.34,0.52534,Our World in Data / Ember,https://ourworldindata.org/grapher/carbon-intensity-electricity,2026-08-23T14:57:31.671025+00:00
Colombia,COL,2025,186.81,0.18681,Our World in Data / Ember,https://ourworldindata.org/grapher/carbon-intensity-electricity,2026-08-23T14:57:31.671025+00:00
Comoros,COM,2023,642.86,0.64286,Our World in Data / Ember,https://ourworldindata.org/grapher/carbon-intensity-electricity,2026-08-23T14:57:31.671025+00:00
Congo,COG,2024,716.12,0.71612,Our World in Data / Ember,https://ourworldindata.org/grapher/carbon-intensity-electricity,2026-08-23T14:57:31.671025+00:00
Cook Islands,COK,2024,250.0,0.25,Our World in Data / Ember,https://ourworldindata.org/grapher/carbon-intensity-electricity,2026-08-23T14:57:31.671025+00:00
Costa Rica,CRI,2025,24.2,0.0242,Our World in Data / Ember,https://ourworldindata.org/grapher/carbon-intensity-electricity,2026-08-23T14:57:31.671025+00:00
Cote d'Ivoire,CIV,2024,405.01,0.40501,Our World in Data / Ember,https://ourworldindata.org/grapher/carbon-intensity-electricity,2026-08-23T14:57:31.671025+00:00
Croatia,HRV,2025,158.5,0.1585,Our World in Data / Ember,https://ourworldindata.org/grapher/carbon-intensity-electricity,2026-08-23T14:57:31.671025+00:00
Cuba,CUB,2024,642.82,0.6428200000000001,Our World in Data / Ember,https://ourworldindata.org/grapher/carbon-intensity-electricity,2026-08-23T14:57:31.671025+00:00
Cyprus,CYP,2025,489.0,0.489,Our World in Data / Ember,https://ourworldindata.org/grapher/carbon-intensity-electricity,2026-08-23T14:57:31.671025+00:00
Czechia,CZE,2025,401.46,0.40146,Our World in Data / Ember,https://ourworldindata.org/grapher/carbon-intensity-electricity,2026-08-23T14:57:31.671025+00:00
Democratic Republic of Congo,COD,2024,27.64,0.02764,Our World in Data / Ember,https://ourworldindata.org/grapher/carbon-intensity-electricity,2026-08-23T14:57:31.671025+00:00
Denmark,DNK,2025,114.41,0.11441,Our World in Data / Ember,https://ourworldindata.org/grapher/carbon-intensity-electricity,2026-08-23T14:57:31.671025+00:00
Djibouti,DJI,2024,450.0,0.45,Our World in Data / Ember,https://ourworldindata.org/grapher/carbon-intensity-electricity,2026-08-23T14:57:31.671025+00:00
Dominica,DMA,2023,600.0,0.6,Our World in Data / Ember,https://ourworldindata.org/grapher/carbon-intensity-electricity,2026-08-23T14:57:31.671025+00:00
Dominican Republic,DOM,2025,537.48,0.5374800000000001,Our World in Data / Ember,https://ourworldindata.org/grapher/carbon-intensity-electricity,2026-08-23T14:57:31.671025+00:00
EU (Ember),,2025,209.9,0.2099,Our World in Data / Ember,https://ourworldindata.org/grapher/carbon-intensity-electricity,2026-08-23T14:57:31.671025+00:00
East Timor,TLS,2024,666.67,0.66667,Our World in Data / Ember,https://ourworldindata.org/grapher/carbon-intensity-electricity,2026-08-23T14:57:31.671025+00:00
Ecuador,ECU,2025,159.02,0.15902000000000002,Our World in Data / Ember,https://ourworldindata.org/grapher/carbon-intensity-electricity,2026-08-23T14:57:31.671025+00:00
Egypt,EGY,2025,563.23,0.56323,Our World in Data / Ember,https://ourworldindata.org/grapher/carbon-intensity-electricity,2026-08-23T14:57:31.671025+00:00
El Salvador,SLV,2025,139.32,0.13932,Our World in Data / Ember,https://ourworldindata.org/grapher/carbon-intensity-electricity,2026-08-23T14:57:31.671025+00:00
Equatorial Guinea,GNQ,2024,644.3,0.6443,Our World in Data / Ember,https://ourworldindata.org/grapher/carbon-intensity-electricity,2026-08-23T14:57:31.671025+00:00
Eritrea,ERI,2024,577.78,0.57778,Our World in Data / Ember,https://ourworldindata.org/grapher/carbon-intensity-electricity,2026-08-23T14:57:31.671025+00:00
Estonia,EST,2025,319.15,0.31915,Our World in Data / Ember,https://ourworldindata.org/grapher/carbon-intensity-electricity,2026-08-23T14:57:31.671025+00:00
Eswatini,SWZ,2024,131.15,0.13115000000000002,Our World in Data / Ember,https://ourworldindata.org/grapher/carbon-intensity-electricity,2026-08-23T14:57:31.671025+00:00
Ethiopia,ETH,2025,23.08,0.02308,Our World in Data / Ember,https://ourworldindata.org/grapher/carbon-intensity-electricity,2026-08-23T14:57:31.671025+00:00
Europe,OWID_EUR,2025,271.19,0.27119,Our World in Data / Ember,https://ourworldindata.org/grapher/carbon-intensity-electricity,2026-08-23T14:57:31.671025+00:00
Europe (Ember),,2025,282.68,0.28268,Our World in Data / Ember,https://ourworldindata.org/grapher/carbon-intensity-electricity,2026-08-23T14:57:31.671025+00:00
European Union (27),OWID_EU27,2025,209.89671,0.20989671000000001,Our World in Data / Ember,https://ourworldindata.org/grapher/carbon-intensity-electricity,2026-08-23T14:57:31.671025+00:00
Falkland Islands,FLK,2023,1000.0,1.0,Our World in Data / Ember,https://ourworldindata.org/grapher/carbon-intensity-electricity,2026-08-23T14:57:31.671025+00:00
Faroe Islands,FRO,2023,346.94,0.34693999999999997,Our World in Data / Ember,https://ourworldindata.org/grapher/carbon-intensity-electricity,2026-08-23T14:57:31.671025+00:00
Fiji,FJI,2024,278.26,0.27826,Our World in Data / Ember,https://ourworldindata.org/grapher/carbon-intensity-electricity,2026-08-23T14:57:31.671025+00:00
Finland,FIN,2025,57.47,0.05747,Our World in Data / Ember,https://ourworldindata.org/grapher/carbon-intensity-electricity,2026-08-23T14:57:31.671025+00:00
France,FRA,2025,41.44,0.04144,Our World in Data / Ember,https://ourworldindata.org/grapher/carbon-intensity-electricity,2026-08-23T14:57:31.671025+00:00
French Guiana,GUF,2023,244.9,0.2449,Our World in Data / Ember,https://ourworldindata.org/grapher/carbon-intensity-electricity,2026-08-23T14:57:31.671025+00:00
French Polynesia,PYF,2024,430.56,0.43056,Our World in Data / Ember,https://ourworldindata.org/grapher/carbon-intensity-electricity,2026-08-23T14:57:31.671025+00:00
G20 (Ember),,2025,453.29,0.45329,Our World in Data / Ember,https://ourworldindata.org/grapher/carbon-intensity-electricity,2026-08-23T14:57:31.671025+00:00
G7 (Ember),,2025,342.42,0.34242,Our World in Data / Ember,https://ourworldindata.org/grapher/carbon-intensity-electricity,2026-08-23T14:57:31.671025+00:00
Gabon,GAB,2024,523.08,0.52308,Our World in Data / Ember,https://ourworldindata.org/grapher/carbon-intensity-electricity,2026-08-23T14:57:31.671025+00:00
Gambia,GMB,2024,666.67,0.66667,Our World in Data / Ember,https://ourworldindata.org/grapher/carbon-intensity-electricity,2026-08-23T14:57:31.671025+00:00
Georgia,GEO,2025,145.93,0.14593,Our World in Data / Ember,https://ourworldindata.org/grapher/carbon-intensity-electricity,2026-08-23T14:57:31.671025+00:00
Germany,DEU,2025,329.65,0.32965,Our World in Data / Ember,https://ourworldindata.org/grapher/carbon-intensity-electricity,2026-08-23T14:57:31.671025+00:00
Ghana,GHA,2024,468.89,0.46889,Our World in Data / Ember,https://ourworldindata.org/grapher/carbon-intensity-electricity,2026-08-23T14:57:31.671025+00:00
Gibraltar,GIB,2024,590.91,0.5909099999999999,Our World in Data / Ember,https://ourworldindata.org/grapher/carbon-intensity-electricity,2026-08-23T14:57:31.671025+00:00
Greece,GRC,2025,315.09,0.31509,Our World in Data / Ember,https://ourworldindata.org/grapher/carbon-intensity-electricity,2026-08-23T14:57:31.671025+00:00
Greenland,GRL,2024,150.0,0.15,Our World in Data / Ember,https://ourworldindata.org/grapher/carbon-intensity-electricity,2026-08-23T14:57:31.671025+00:00
Grenada,GRD,2024,666.67,0.66667,Our World in Data / Ember,https://ourworldindata.org/grapher/carbon-intensity-electricity,2026-08-23T14:57:31.671025+00:00
Guadeloupe,GLP,2023,497.01,0.49701,Our World in Data / Ember,https://ourworldindata.org/grapher/carbon-intensity-electricity,2026-08-23T14:57:31.671025+00:00
Guam,GUM,2024,607.53,0.60753,Our World in Data / Ember,https://ourworldindata.org/grapher/carbon-intensity-electricity,2026-08-23T14:57:31.671025+00:00
Guatemala,GTM,2024,301.46,0.30146,Our World in Data / Ember,https://ourworldindata.org/grapher/carbon-intensity-electricity,2026-08-23T14:57:31.671025+00:00
Guinea,GIN,2024,181.14,0.18114,Our World in Data / Ember,https://ourworldindata.org/grapher/carbon-intensity-electricity,2026-08-23T14:57:31.671025+00:00
Guinea-Bissau,GNB,2024,625.0,0.625,Our World in Data / Ember,https://ourworldindata.org/grapher/carbon-intensity-electricity,2026-08-23T14:57:31.671025+00:00
Guyana,GUY,2024,644.93,0.64493,Our World in Data / Ember,https://ourworldindata.org/grapher/carbon-intensity-electricity,2026-08-23T14:57:31.671025+00:00
Haiti,HTI,2024,534.88,0.53488,Our World in Data / Ember,https://ourworldindata.org/grapher/carbon-intensity-electricity,2026-08-23T14:57:31.671025+00:00
High-income countries,OWID_HIC,2024,368.63446,0.36863446,Our World in Data / Ember,https://ourworldindata.org/grapher/carbon-intensity-electricity,2026-08-23T14:57:31.671025+00:00
Honduras,HND,2024,322.12,0.32212,Our World in Data / Ember,https://ourworldindata.org/grapher/carbon-intensity-electricity,2026-08-23T14:57:31.671025+00:00
Hong Kong,HKG,2024,675.48,0.67548,Our World in Data / Ember,https://ourworldindata.org/grapher/carbon-intensity-electricity,2026-08-23T14:57:31.671025+00:00
Hungary,HUN,2025,163.02,0.16302,Our World in Data / Ember,https://ourworldindata.org/grapher/carbon-intensity-electricity,2026-08-23T14:57:31.671025+00:00
Iceland,ISL,2024,27.82,0.02782,Our World in Data / Ember,https://ourworldindata.org/grapher/carbon-intensity-electricity,2026-08-23T14:57:31.671025+00:00
India,IND,2025,670.13,0.67013,Our World in Data / Ember,https://ourworldindata.org/grapher/carbon-intensity-electricity,2026-08-23T14:57:31.671025+00:00
Indonesia,IDN,2024,680.25,0.68025,Our World in Data / Ember,https://ourworldindata.org/grapher/carbon-intensity-electricity,2026-08-23T14:57:31.671025+00:00
Iran,IRN,2025,659.53,0.65953,Our World in Data / Ember,https://ourworldindata.org/grapher/carbon-intensity-electricity,2026-08-23T14:57:31.671025+00:00
Iraq,IRQ,2024,683.1,0.6831,Our World in Data / Ember,https://ourworldindata.org/grapher/carbon-intensity-electricity,2026-08-23T14:57:31.671025+00:00
Ireland,IRL,2025,256.54,0.25654000000000005,Our World in Data / Ember,https://ourworldindata.org/grapher/carbon-intensity-electricity,2026-08-23T14:57:31.671025+00:00
Israel,ISR,2025,492.69,0.49269,Our World in Data / Ember,https://ourworldindata.org/grapher/carbon-intensity-electricity,2026-08-23T14:57:31.671025+00:00
Italy,ITA,2025,284.78,0.28478,Our World in Data / Ember,https://ourworldindata.org/grapher/carbon-intensity-electricity,2026-08-23T14:57:31.671025+00:00
Jamaica,JAM,2024,563.01,0.56301,Our World in Data / Ember,https://ourworldindata.org/grapher/carbon-intensity-electricity,2026-08-23T14:57:31.671025+00:00
Japan,JPN,2025,477.26,0.47726,Our World in Data / Ember,https://ourworldindata.org/grapher/carbon-intensity-electricity,2026-08-23T14:57:31.671025+00:00
Jordan,JOR,2024,529.79,0.52979,Our World in Data / Ember,https://ourworldindata.org/grapher/carbon-intensity-electricity,2026-08-23T14:57:31.671025+00:00
Kazakhstan,KAZ,2025,805.32,0.80532,Our World in Data / Ember,https://ourworldindata.org/grapher/carbon-intensity-electricity,2026-08-23T14:57:31.671025+00:00
Kenya,KEN,2025,95.44,0.09544,Our World in Data / Ember,https://ourworldindata.org/grapher/carbon-intensity-electricity,2026-08-23T14:57:31.671025+00:00
Kiribati,KIR,2024,500.0,0.5,Our World in Data / Ember,https://ourworldindata.org/grapher/carbon-intensity-electricity,2026-08-23T14:57:31.671025+00:00
Kosovo,OWID_KOS,2025,900.94,0.9009400000000001,Our World in Data / Ember,https://ourworldindata.org/grapher/carbon-intensity-electricity,2026-08-23T14:57:31.671025+00:00
Kuwait,KWT,2025,635.31,0.6353099999999999,Our World in Data / Ember,https://ourworldindata.org/grapher/carbon-intensity-electricity,2026-08-23T14:57:31.671025+00:00
Kyrgyzstan,KGZ,2025,152.73,0.15272999999999998,Our World in Data / Ember,https://ourworldindata.org/grapher/carbon-intensity-electricity,2026-08-23T14:57:31.671025+00:00
Laos,LAO,2024,232.08,0.23208,Our World in Data / Ember,https://ourworldindata.org/grapher/carbon-intensity-electricity,2026-08-23T14:57:31.671025+00:00
Latin America and Caribbean (Ember),,2025,246.97,0.24697,Our World in Data / Ember,https://ourworldindata.org/grapher/carbon-intensity-electricity,2026-08-23T14:57:31.671025+00:00
Latvia,LVA,2025,138.76,0.13876,Our World in Data / Ember,https://ourworldindata.org/grapher/carbon-intensity-electricity,2026-08-23T14:57:31.671025+00:00
Lebanon,LBN,2024,389.51,0.38950999999999997,Our World in Data / Ember,https://ourworldindata.org/grapher/carbon-intensity-electricity,2026-08-23T14:57:31.671025+00:00
Lesotho,LSO,2022,20.83,0.020829999999999998,Our World in Data / Ember,https://ourworldindata.org/grapher/carbon-intensity-electricity,2026-08-23T14:57:31.671025+00:00
Liberia,LBR,2024,315.79,0.31579,Our World in Data / Ember,https://ourworldindata.org/grapher/carbon-intensity-electricity,2026-08-23T14:57:31.671025+00:00
Libya,LBY,2024,826.83,0.8268300000000001,Our World in Data / Ember,https://ourworldindata.org/grapher/carbon-intensity-electricity,2026-08-23T14:57:31.671025+00:00
Lithuania,LTU,2025,138.36,0.13836,Our World in Data / Ember,https://ourworldindata.org/grapher/carbon-intensity-electricity,2026-08-23T14:57:31.671025+00:00
Low-income countries,OWID_LIC,2024,281.6928,0.28169279999999997,Our World in Data / Ember,https://ourworldindata.org/grapher/carbon-intensity-electricity,2026-08-23T14:57:31.671025+00:00
Lower-middle-income countries,OWID_LMC,2024,621.5796,0.6215796,Our World in Data / Ember,https://ourworldindata.org/grapher/carbon-intensity-electricity,2026-08-23T14:57:31.671025+00:00
Luxembourg,LUX,2025,123.38,0.12337999999999999,Our World in Data / Ember,https://ourworldindata.org/grapher/carbon-intensity-electricity,2026-08-23T14:57:31.671025+00:00
Macao,MAC,2024,474.36,0.47436,Our World in Data / Ember,https://ourworldindata.org/grapher/carbon-intensity-electricity,2026-08-23T14:57:31.671025+00:00
Madagascar,MDG,2024,432.1,0.43210000000000004,Our World in Data / Ember,https://ourworldindata.org/grapher/carbon-intensity-electricity,2026-08-23T14:57:31.671025+00:00
Malawi,MWI,2024,54.65,0.05465,Our World in Data / Ember,https://ourworldindata.org/grapher/carbon-intensity-electricity,2026-08-23T14:57:31.671025+00:00
Malaysia,MYS,2025,601.97,0.60197,Our World in Data / Ember,https://ourworldindata.org/grapher/carbon-intensity-electricity,2026-08-23T14:57:31.671025+00:00
Maldives,MDV,2024,611.77,0.61177,Our World in Data / Ember,https://ourworldindata.org/grapher/carbon-intensity-electricity,2026-08-23T14:57:31.671025+00:00
Mali,MLI,2024,538.59,0.53859,Our World in Data / Ember,https://ourworldindata.org/grapher/carbon-intensity-electricity,2026-08-23T14:57:31.671025+00:00
Malta,MLT,2025,484.02,0.48402,Our World in Data / Ember,https://ourworldindata.org/grapher/carbon-intensity-electricity,2026-08-23T14:57:31.671025+00:00
Martinique,MTQ,2023,529.8,0.5297999999999999,Our World in Data / Ember,https://ourworldindata.org/grapher/carbon-intensity-electricity,2026-08-23T14:57:31.671025+00:00
Mauritania,MRT,2024,512.08,0.5120800000000001,Our World in Data / Ember,https://ourworldindata.org/grapher/carbon-intensity-electricity,2026-08-23T14:57:31.671025+00:00
Mauritius,MUS,2024,642.23,0.64223,Our World in Data / Ember,https://ourworldindata.org/grapher/carbon-intensity-electricity,2026-08-23T14:57:31.671025+00:00
Mexico,MEX,2025,474.02,0.47402,Our World in Data / Ember,https://ourworldindata.org/grapher/carbon-intensity-electricity,2026-08-23T14:57:31.671025+00:00
Middle East (Ember),,2025,634.61,0.63461,Our World in Data / Ember,https://ourworldindata.org/grapher/carbon-intensity-electricity,2026-08-23T14:57:31.671025+00:00
Moldova,MDA,2025,633.12,0.63312,Our World in Data / Ember,https://ourworldindata.org/grapher/carbon-intensity-electricity,2026-08-23T14:57:31.671025+00:00
Mongolia,MNG,2025,816.31,0.81631,Our World in Data / Ember,https://ourworldindata.org/grapher/carbon-intensity-electricity,2026-08-23T14:57:31.671025+00:00
Montenegro,MNE,2025,264.23,0.26423,Our World in Data / Ember,https://ourworldindata.org/grapher/carbon-intensity-electricity,2026-08-23T14:57:31.671025+00:00
Montserrat,MSR,2024,1000.0,1.0,Our World in Data / Ember,https://ourworldindata.org/grapher/carbon-intensity-electricity,2026-08-23T14:57:31.671025+00:00
Morocco,MAR,2025,596.4,0.5963999999999999,Our World in Data / Ember,https://ourworldindata.org/grapher/carbon-intensity-electricity,2026-08-23T14:57:31.671025+00:00
Mozambique,MOZ,2024,129.36,0.12936,Our World in Data / Ember,https://ourworldindata.org/grapher/carbon-intensity-electricity,2026-08-23T14:57:31.671025+00:00
Myanmar,MMR,2024,502.99,0.50299,Our World in Data / Ember,https://ourworldindata.org/grapher/carbon-intensity-electricity,2026-08-23T14:57:31.671025+00:00
Namibia,NAM,2024,48.78,0.048780000000000004,Our World in Data / Ember,https://ourworldindata.org/grapher/carbon-intensity-electricity,2026-08-23T14:57:31.671025+00:00
Nauru,NRU,2024,600.0,0.6,Our World in Data / Ember,https://ourworldindata.org/grapher/carbon-intensity-electricity,2026-08-23T14:57:31.671025+00:00
Nepal,NPL,2024,24.26,0.02426,Our World in Data / Ember,https://ourworldindata.org/grapher/carbon-intensity-electricity,2026-08-23T14:57:31.671025+00:00
Netherlands,NLD,2025,253.56,0.25356,Our World in Data / Ember,https://ourworldindata.org/grapher/carbon-intensity-electricity,2026-08-23T14:57:31.671025+00:00
New Caledonia,NCL,2024,560.9,0.5609,Our World in Data / Ember,https://ourworldindata.org/grapher/carbon-intensity-electricity,2026-08-23T14:57:31.671025+00:00
New Zealand,NZL,2025,92.76,0.09276000000000001,Our World in Data / Ember,https://ourworldindata.org/grapher/carbon-intensity-electricity,2026-08-23T14:57:31.671025+00:00
Nicaragua,NIC,2024,300.89,0.30089,Our World in Data / Ember,https://ourworldindata.org/grapher/carbon-intensity-electricity,2026-08-23T14:57:31.671025+00:00
Niger,NER,2024,673.68,0.67368,Our World in Data / Ember,https://ourworldindata.org/grapher/carbon-intensity-electricity,2026-08-23T14:57:31.671025+00:00
Nigeria,NGA,2025,455.71,0.45571,Our World in Data / Ember,https://ourworldindata.org/grapher/carbon-intensity-electricity,2026-08-23T14:57:31.671025+00:00
North America,OWID_NAM,2024,369.1179,0.3691179,Our World in Data / Ember,https://ourworldindata.org/grapher/carbon-intensity-electricity,2026-08-23T14:57:31.671025+00:00
North America (Ember),,2025,359.95,0.35995,Our World in Data / Ember,https://ourworldindata.org/grapher/carbon-intensity-electricity,2026-08-23T14:57:31.671025+00:00
North Korea,PRK,2024,340.59,0.34058999999999995,Our World in Data / Ember,https://ourworldindata.org/grapher/carbon-intensity-electricity,2026-08-23T14:57:31.671025+00:00
North Macedonia,MKD,2025,441.35,0.44135,Our World in Data / Ember,https://ourworldindata.org/grapher/carbon-intensity-electricity,2026-08-23T14:57:31.671025+00:00
Norway,NOR,2025,28.11,0.02811,Our World in Data / Ember,https://ourworldindata.org/grapher/carbon-intensity-electricity,2026-08-23T14:57:31.671025+00:00
OECD (Ember),,2025,335.93,0.33593,Our World in Data / Ember,https://ourworldindata.org/grapher/carbon-intensity-electricity,2026-08-23T14:57:31.671025+00:00
Oceania,OWID_OCE,2024,494.82062,0.49482062000000004,Our World in Data / Ember,https://ourworldindata.org/grapher/carbon-intensity-electricity,2026-08-23T14:57:31.671025+00:00
Oceania (Ember),,2025,469.87,0.46987,Our World in Data / Ember,https://ourworldindata.org/grapher/carbon-intensity-electricity,2026-08-23T14:57:31.671025+00:00
Oman,OMN,2025,544.47,0.54447,Our World in Data / Ember,https://ourworldindata.org/grapher/carbon-intensity-electricity,2026-08-23T14:57:31.671025+00:00
Pakistan,PAK,2025,346.56,0.34656,Our World in Data / Ember,https://ourworldindata.org/grapher/carbon-intensity-electricity,2026-08-23T14:57:31.671025+00:00
Palestine,PSE,2024,414.14,0.41414,Our World in Data / Ember,https://ourworldindata.org/grapher/carbon-intensity-electricity,2026-08-23T14:57:31.671025+00:00
Panama,PAN,2024,221.15,0.22115,Our World in Data / Ember,https://ourworldindata.org/grapher/carbon-intensity-electricity,2026-08-23T14:57:31.671025+00:00
Papua New Guinea,PNG,2024,513.74,0.51374,Our World in Data / Ember,https://ourworldindata.org/grapher/carbon-intensity-electricity,2026-08-23T14:57:31.671025+00:00
Paraguay,PRY,2025,24.7,0.0247,Our World in Data / Ember,https://ourworldindata.org/grapher/carbon-intensity-electricity,2026-08-23T14:57:31.671025+00:00
Peru,PER,2025,238.25,0.23825,Our World in Data / Ember,https://ourworldindata.org/grapher/carbon-intensity-electricity,2026-08-23T14:57:31.671025+00:00
Philippines,PHL,2025,588.29,0.58829,Our World in Data / Ember,https://ourworldindata.org/grapher/carbon-intensity-electricity,2026-08-23T14:57:31.671025+00:00
Poland,POL,2025,588.6,0.5886,Our World in Data / Ember,https://ourworldindata.org/grapher/carbon-intensity-electricity,2026-08-23T14:57:31.671025+00:00
Portugal,PRT,2025,127.91,0.12791,Our World in Data / Ember,https://ourworldindata.org/grapher/carbon-intensity-electricity,2026-08-23T14:57:31.671025+00:00
Puerto Rico,PRI,2025,654.66,0.65466,Our World in Data / Ember,https://ourworldindata.org/grapher/carbon-intensity-electricity,2026-08-23T14:57:31.671025+00:00
Qatar,QAT,2025,581.52,0.58152,Our World in Data / Ember,https://ourworldindata.org/grapher/carbon-intensity-electricity,2026-08-23T14:57:31.671025+00:00
Reunion,REU,2023,394.14,0.39414,Our World in Data / Ember,https://ourworldindata.org/grapher/carbon-intensity-electricity,2026-08-23T14:57:31.671025+00:00
Romania,ROU,2025,250.75,0.25075,Our World in Data / Ember,https://ourworldindata.org/grapher/carbon-intensity-electricity,2026-08-23T14:57:31.671025+00:00
Russia,RUS,2025,449.73,0.44973,Our World in Data / Ember,https://ourworldindata.org/grapher/carbon-intensity-electricity,2026-08-23T14:57:31.671025+00:00
Rwanda,RWA,2024,353.98,0.35398,Our World in Data / Ember,https://ourworldindata.org/grapher/carbon-intensity-electricity,2026-08-23T14:57:31.671025+00:00
Saint Helena,SHN,2023,1000.0,1.0,Our World in Data / Ember,https://ourworldindata.org/grapher/carbon-intensity-electricity,2026-08-23T14:57:31.671025+00:00
Saint Kitts and Nevis,KNA,2024,608.7,0.6087,Our World in Data / Ember,https://ourworldindata.org/grapher/carbon-intensity-electricity,2026-08-23T14:57:31.671025+00:00
Saint Lucia,LCA,2024,650.0,0.65,Our World in Data / Ember,https://ourworldindata.org/grapher/carbon-intensity-electricity,2026-08-23T14:57:31.671025+00:00
Saint Pierre and Miquelon,SPM,2023,600.0,0.6,Our World in Data / Ember,https://ourworldindata.org/grapher/carbon-intensity-electricity,2026-08-23T14:57:31.671025+00:00
Saint Vincent and the Grenadines,VCT,2024,600.0,0.6,Our World in Data / Ember,https://ourworldindata.org/grapher/carbon-intensity-electricity,2026-08-23T14:57:31.671025+00:00
Samoa,WSM,2024,375.0,0.375,Our World in Data / Ember,https://ourworldindata.org/grapher/carbon-intensity-electricity,2026-08-23T14:57:31.671025+00:00
Sao Tome and Principe,STP,2023,555.56,0.5555599999999999,Our World in Data / Ember,https://ourworldindata.org/grapher/carbon-intensity-electricity,2026-08-23T14:57:31.671025+00:00
Saudi Arabia,SAU,2024,691.95,0.6919500000000001,Our World in Data / Ember,https://ourworldindata.org/grapher/carbon-intensity-electricity,2026-08-23T14:57:31.671025+00:00
Senegal,SEN,2024,539.97,0.5399700000000001,Our World in Data / Ember,https://ourworldindata.org/grapher/carbon-intensity-electricity,2026-08-23T14:57:31.671025+00:00
Serbia,SRB,2025,695.8,0.6958,Our World in Data / Ember,https://ourworldindata.org/grapher/carbon-intensity-electricity,2026-08-23T14:57:31.671025+00:00
Seychelles,SYC,2024,555.56,0.5555599999999999,Our World in Data / Ember,https://ourworldindata.org/grapher/carbon-intensity-electricity,2026-08-23T14:57:31.671025+00:00
Sierra Leone,SLE,2024,47.62,0.047619999999999996,Our World in Data / Ember,https://ourworldindata.org/grapher/carbon-intensity-electricity,2026-08-23T14:57:31.671025+00:00
Singapore,SGP,2025,497.09,0.49709,Our World in Data / Ember,https://ourworldindata.org/grapher/carbon-intensity-electricity,2026-08-23T14:57:31.671025+00:00
Slovakia,SVK,2025,94.85,0.09484999999999999,Our World in Data / Ember,https://ourworldindata.org/grapher/carbon-intensity-electricity,2026-08-23T14:57:31.671025+00:00
Slovenia,SVN,2025,183.29,0.18328999999999998,Our World in Data / Ember,https://ourworldindata.org/grapher/carbon-intensity-electricity,2026-08-23T14:57:31.671025+00:00
Solomon Islands,SLB,2024,636.36,0.63636,Our World in Data / Ember,https://ourworldindata.org/grapher/carbon-intensity-electricity,2026-08-23T14:57:31.671025+00:00
Somalia,SOM,2024,511.63,0.51163,Our World in Data / Ember,https://ourworldindata.org/grapher/carbon-intensity-electricity,2026-08-23T14:57:31.671025+00:00
South Africa,ZAF,2025,699.29,0.69929,Our World in Data / Ember,https://ourworldindata.org/grapher/carbon-intensity-electricity,2026-08-23T14:57:31.671025+00:00
South America,OWID_SAM,2024,166.83075,0.16683075,Our World in Data / Ember,https://ourworldindata.org/grapher/carbon-intensity-electricity,2026-08-23T14:57:31.671025+00:00
South Korea,KOR,2025,417.06,0.41706,Our World in Data / Ember,https://ourworldindata.org/grapher/carbon-intensity-electricity,2026-08-23T14:57:31.671025+00:00
South Sudan,SSD,2024,642.86,0.64286,Our World in Data / Ember,https://ourworldindata.org/grapher/carbon-intensity-electricity,2026-08-23T14:57:31.671025+00:00
Spain,ESP,2025,153.6,0.1536,Our World in Data / Ember,https://ourworldindata.org/grapher/carbon-intensity-electricity,2026-08-23T14:57:31.671025+00:00
Sri Lanka,LKA,2025,329.28,0.32927999999999996,Our World in Data / Ember,https://ourworldindata.org/grapher/carbon-intensity-electricity,2026-08-23T14:57:31.671025+00:00
Sudan,SDN,2024,153.69,0.15369,Our World in Data / Ember,https://ourworldindata.org/grapher/carbon-intensity-electricity,2026-08-23T14:57:31.671025+00:00
Suriname,SUR,2024,321.84,0.32183999999999996,Our World in Data / Ember,https://ourworldindata.org/grapher/carbon-intensity-electricity,2026-08-23T14:57:31.671025+00:00
Sweden,SWE,2025,35.26,0.03526,Our World in Data / Ember,https://ourworldindata.org/grapher/carbon-intensity-electricity,2026-08-23T14:57:31.671025+00:00
Switzerland,CHE,2025,39.22,0.03922,Our World in Data / Ember,https://ourworldindata.org/grapher/carbon-intensity-electricity,2026-08-23T14:57:31.671025+00:00
Syria,SYR,2024,706.19,0.7061900000000001,Our World in Data / Ember,https://ourworldindata.org/grapher/carbon-intensity-electricity,2026-08-23T14:57:31.671025+00:00
Taiwan,TWN,2025,633.21,0.63321,Our World in Data / Ember,https://ourworldindata.org/grapher/carbon-intensity-electricity,2026-08-23T14:57:31.671025+00:00
Tajikistan,TJK,2025,72.56,0.07256,Our World in Data / Ember,https://ourworldindata.org/grapher/carbon-intensity-electricity,2026-08-23T14:57:31.671025+00:00
Tanzania,TZA,2024,345.02,0.34502,Our World in Data / Ember,https://ourworldindata.org/grapher/carbon-intensity-electricity,2026-08-23T14:57:31.671025+00:00
Thailand,THA,2025,545.74,0.54574,Our World in Data / Ember,https://ourworldindata.org/grapher/carbon-intensity-electricity,2026-08-23T14:57:31.671025+00:00
Togo,TGO,2024,422.54,0.42254,Our World in Data / Ember,https://ourworldindata.org/grapher/carbon-intensity-electricity,2026-08-23T14:57:31.671025+00:00
Tonga,TON,2024,571.43,0.57143,Our World in Data / Ember,https://ourworldindata.org/grapher/carbon-intensity-electricity,2026-08-23T14:57:31.671025+00:00
Trinidad and Tobago,TTO,2024,681.68,0.68168,Our World in Data / Ember,https://ourworldindata.org/grapher/carbon-intensity-electricity,2026-08-23T14:57:31.671025+00:00
Tunisia,TUN,2025,560.29,0.56029,Our World in Data / Ember,https://ourworldindata.org/grapher/carbon-intensity-electricity,2026-08-23T14:57:31.671025+00:00
Turkey,TUR,2025,474.74,0.47474,Our World in Data / Ember,https://ourworldindata.org/grapher/carbon-intensity-electricity,2026-08-23T14:57:31.671025+00:00
Turkmenistan,TKM,2024,1306.27,1.30627,Our World in Data / Ember,https://ourworldindata.org/grapher/carbon-intensity-electricity,2026-08-23T14:57:31.671025+00:00
Turks and Caicos Islands,TCA,2024,629.63,0.62963,Our World in Data / Ember,https://ourworldindata.org/grapher/carbon-intensity-electricity,2026-08-23T14:57:31.671025+00:00
Uganda,UGA,2024,58.52,0.05852,Our World in Data / Ember,https://ourworldindata.org/grapher/carbon-intensity-electricity,2026-08-23T14:57:31.671025+00:00
Ukraine,UKR,2022,250.47,0.25047,Our World in Data / Ember,https://ourworldindata.org/grapher/carbon-intensity-electricity,2026-08-23T14:57:31.671025+00:00
United Arab Emirates,ARE,2024,467.51,0.46751,Our World in Data / Ember,https://ourworldindata.org/grapher/carbon-intensity-electricity,2026-08-23T14:57:31.671025+00:00
United Kingdom,GBR,2025,217.41,0.21741,Our World in Data / Ember,https://ourworldindata.org/grapher/carbon-intensity-electricity,2026-08-23T14:57:31.671025+00:00
United States,USA,2025,384.4,0.38439999999999996,Our World in Data / Ember,https://ourworldindata.org/grapher/carbon-intensity-electricity,2026-08-23T14:57:31.671025+00:00
United States Virgin Islands,VIR,2023,632.35,0.63235,Our World in Data / Ember,https://ourworldindata.org/grapher/carbon-intensity-electricity,2026-08-23T14:57:31.671025+00:00
Upper-middle-income countries,OWID_UMC,2024,534.1768,0.5341768,Our World in Data / Ember,https://ourworldindata.org/grapher/carbon-intensity-electricity,2026-08-23T14:57:31.671025+00:00
Uruguay,URY,2025,80.4,0.0804,Our World in Data / Ember,https://ourworldindata.org/grapher/carbon-intensity-electricity,2026-08-23T14:57:31.671025+00:00
Uzbekistan,UZB,2025,1000.0,1.0,Our World in Data / Ember,https://ourworldindata.org/grapher/carbon-intensity-electricity,2026-08-23T14:57:31.671025+00:00
Vanuatu,VUT,2023,500.0,0.5,Our World in Data / Ember,https://ourworldindata.org/grapher/carbon-intensity-electricity,2026-08-23T14:57:31.671025+00:00
Venezuela,VEN,2024,85.86,0.08586,Our World in Data / Ember,https://ourworldindata.org/grapher/carbon-intensity-electricity,2026-08-23T14:57:31.671025+00:00
Vietnam,VNM,2025,460.73,0.46073000000000003,Our World in Data / Ember,https://ourworldindata.org/grapher/carbon-intensity-electricity,2026-08-23T14:57:31.671025+00:00
Western Sahara,ESH,2009,666.67,0.66667,Our World in Data / Ember,https://ourworldindata.org/grapher/carbon-intensity-electricity,2026-08-23T14:57:31.671025+00:00
World,OWID_WRL,2025,458.29,0.45829000000000003,Our World in Data / Ember,https://ourworldindata.org/grapher/carbon-intensity-electricity,2026-08-23T14:57:31.671025+00:00
Yemen,YEM,2024,592.38,0.59238,Our World in Data / Ember,https://ourworldindata.org/grapher/carbon-intensity-electricity,2026-08-23T14:57:31.671025+00:00
Zambia,ZMB,2024,119.68,0.11968000000000001,Our World in Data / Ember,https://ourworldindata.org/grapher/carbon-intensity-electricity,2026-08-23T14:57:31.671025+00:00
Zimbabwe,ZWE,2024,384.02,0.38402,Our World in Data / Ember,https://ourworldindata.org/grapher/carbon-intensity-electricity,2026-08-23T14:57:31.671025+00:00
