category,canonical_manufacturer,manufacturer,repair_attempts,fixed_rate,repairable_rate,end_of_life_rate,median_product_age,common_end_of_life_barrier,profile_scope,source_url,source_retrieved_at
Camera,unknown,Unknown,770,0.35974025974025975,0.561038961038961,0.36233766233766235,5.0,Spare parts not available,Aggregated brand/category repair events; not model-specific,https://openrepair.org/open-data/downloads/,2026-08-23T14:57:31.671025+00:00
Camera,sony,Sony,271,0.26199261992619927,0.5202952029520295,0.44649446494464945,15.0,Spare parts not available,Aggregated brand/category repair events; not model-specific,https://openrepair.org/open-data/downloads/,2026-08-23T14:57:31.671025+00:00
Camera,canon,Canon,217,0.31336405529953915,0.5852534562211982,0.39631336405529954,10.0,No way to open product,Aggregated brand/category repair events; not model-specific,https://openrepair.org/open-data/downloads/,2026-08-23T14:57:31.671025+00:00
Camera,panasonic,Panasonic,101,0.3564356435643564,0.6732673267326733,0.297029702970297,11.0,Item too worn out,Aggregated brand/category repair events; not model-specific,https://openrepair.org/open-data/downloads/,2026-08-23T14:57:31.671025+00:00
Camera,nikon,Nikon,97,0.28865979381443296,0.6082474226804123,0.38144329896907214,10.0,Repair information not available,Aggregated brand/category repair events; not model-specific,https://openrepair.org/open-data/downloads/,2026-08-23T14:57:31.671025+00:00
Camera,samsung,Samsung,53,0.2830188679245283,0.6415094339622641,0.33962264150943394,13.0,No way to open product,Aggregated brand/category repair events; not model-specific,https://openrepair.org/open-data/downloads/,2026-08-23T14:57:31.671025+00:00
Camera,fujifilm,Fujifilm,50,0.42,0.62,0.38,6.0,No way to open product,Aggregated brand/category repair events; not model-specific,https://openrepair.org/open-data/downloads/,2026-08-23T14:57:31.671025+00:00
Camera,olympus,Olympus,47,0.44680851063829785,0.7659574468085106,0.23404255319148937,11.5,Spare parts not available,Aggregated brand/category repair events; not model-specific,https://openrepair.org/open-data/downloads/,2026-08-23T14:57:31.671025+00:00
Camera,jvc,JVC,44,0.25,0.4318181818181818,0.5227272727272727,20.0,Lack of equipment,Aggregated brand/category repair events; not model-specific,https://openrepair.org/open-data/downloads/,2026-08-23T14:57:31.671025+00:00
Camera,kodak,Kodak,28,0.39285714285714285,0.7142857142857143,0.25,11.5,Repair information not available,Aggregated brand/category repair events; not model-specific,https://openrepair.org/open-data/downloads/,2026-08-23T14:57:31.671025+00:00
Camera,lumix,Lumix,25,0.36,0.64,0.32,4.0,Lack of equipment,Aggregated brand/category repair events; not model-specific,https://openrepair.org/open-data/downloads/,2026-08-23T14:57:31.671025+00:00
Camera,pentax,Pentax,22,0.3181818181818182,0.6363636363636364,0.3181818181818182,15.0,Lack of equipment,Aggregated brand/category repair events; not model-specific,https://openrepair.org/open-data/downloads/,2026-08-23T14:57:31.671025+00:00
Camera,philips,Philips,22,0.3181818181818182,0.5909090909090909,0.4090909090909091,15.0,Repair information not available,Aggregated brand/category repair events; not model-specific,https://openrepair.org/open-data/downloads/,2026-08-23T14:57:31.671025+00:00
Camera,polaroid,Polaroid,20,0.45,0.6,0.35,5.0,Item too worn out,Aggregated brand/category repair events; not model-specific,https://openrepair.org/open-data/downloads/,2026-08-23T14:57:31.671025+00:00
Camera,grundig,Grundig,17,0.5294117647058824,0.7058823529411765,0.29411764705882354,24.5,Repair information not available,Aggregated brand/category repair events; not model-specific,https://openrepair.org/open-data/downloads/,2026-08-23T14:57:31.671025+00:00
Camera,minolta,Minolta,17,0.35294117647058826,0.47058823529411764,0.5294117647058824,29.0,Spare parts not available,Aggregated brand/category repair events; not model-specific,https://openrepair.org/open-data/downloads/,2026-08-23T14:57:31.671025+00:00
Camera,casio,Casio,15,0.3333333333333333,0.7333333333333333,0.2,12.0,No way to open product,Aggregated brand/category repair events; not model-specific,https://openrepair.org/open-data/downloads/,2026-08-23T14:57:31.671025+00:00
Camera,lg electronics,LG Electronics,13,0.7692307692307693,0.8461538461538461,0.07692307692307693,15.0,,Aggregated brand/category repair events; not model-specific,https://openrepair.org/open-data/downloads/,2026-08-23T14:57:31.671025+00:00
Camera,funai,Funai,9,0.3333333333333333,0.4444444444444444,0.2222222222222222,18.5,,Aggregated brand/category repair events; not model-specific,https://openrepair.org/open-data/downloads/,2026-08-23T14:57:31.671025+00:00
Camera,cannon,Cannon,8,0.375,0.625,0.125,6.0,Item too worn out,Aggregated brand/category repair events; not model-specific,https://openrepair.org/open-data/downloads/,2026-08-23T14:57:31.671025+00:00
Camera,fuji,Fuji,8,0.625,0.875,0.125,10.0,No way to open product,Aggregated brand/category repair events; not model-specific,https://openrepair.org/open-data/downloads/,2026-08-23T14:57:31.671025+00:00
Camera,gopro,GoPro,8,0.375,0.625,0.25,5.5,No way to open product,Aggregated brand/category repair events; not model-specific,https://openrepair.org/open-data/downloads/,2026-08-23T14:57:31.671025+00:00
Camera,instax,Instax,8,0.375,0.5,0.5,4.0,Lack of equipment,Aggregated brand/category repair events; not model-specific,https://openrepair.org/open-data/downloads/,2026-08-23T14:57:31.671025+00:00
Camera,medion,Medion,8,0.25,0.625,0.375,8.0,Spare parts too expensive,Aggregated brand/category repair events; not model-specific,https://openrepair.org/open-data/downloads/,2026-08-23T14:57:31.671025+00:00
Camera,vtech,Vtech,7,0.42857142857142855,0.8571428571428571,0.14285714285714285,3.5,No way to open product,Aggregated brand/category repair events; not model-specific,https://openrepair.org/open-data/downloads/,2026-08-23T14:57:31.671025+00:00
Camera,maginon,Maginon,6,0.3333333333333333,0.6666666666666666,0.3333333333333333,5.0,Item too worn out,Aggregated brand/category repair events; not model-specific,https://openrepair.org/open-data/downloads/,2026-08-23T14:57:31.671025+00:00
Camera,praktica,Praktica,6,0.3333333333333333,0.5,0.5,17.5,Lack of equipment,Aggregated brand/category repair events; not model-specific,https://openrepair.org/open-data/downloads/,2026-08-23T14:57:31.671025+00:00
Camera,bushnell,Bushnell,5,0.6,0.6,0.4,10.0,Repair information not available,Aggregated brand/category repair events; not model-specific,https://openrepair.org/open-data/downloads/,2026-08-23T14:57:31.671025+00:00
Camera,toshiba,Toshiba,5,0.2,0.4,0.6,10.0,,Aggregated brand/category repair events; not model-specific,https://openrepair.org/open-data/downloads/,2026-08-23T14:57:31.671025+00:00
Desktop,unknown,Unknown,1097,0.5050136736554239,0.715587967183227,0.16226071103008205,8.0,Repair information not available,Aggregated brand/category repair events; not model-specific,https://openrepair.org/open-data/downloads/,2026-08-23T14:57:31.671025+00:00
Desktop,hp,HP,244,0.6024590163934426,0.7991803278688525,0.1721311475409836,10.0,Spare parts too expensive,Aggregated brand/category repair events; not model-specific,https://openrepair.org/open-data/downloads/,2026-08-23T14:57:31.671025+00:00
Desktop,acer,Acer,134,0.664179104477612,0.8134328358208955,0.17164179104477612,6.5,Repair information not available,Aggregated brand/category repair events; not model-specific,https://openrepair.org/open-data/downloads/,2026-08-23T14:57:31.671025+00:00
Desktop,lenovo,Lenovo,134,0.6268656716417911,0.7388059701492538,0.21641791044776118,6.0,Lack of equipment,Aggregated brand/category repair events; not model-specific,https://openrepair.org/open-data/downloads/,2026-08-23T14:57:31.671025+00:00
Desktop,dell,Dell,118,0.5423728813559322,0.8135593220338984,0.1440677966101695,9.0,Item too worn out,Aggregated brand/category repair events; not model-specific,https://openrepair.org/open-data/downloads/,2026-08-23T14:57:31.671025+00:00
Desktop,apple,Apple,101,0.46534653465346537,0.8118811881188119,0.1782178217821782,9.5,Lack of equipment,Aggregated brand/category repair events; not model-specific,https://openrepair.org/open-data/downloads/,2026-08-23T14:57:31.671025+00:00
Desktop,asus,Asus,93,0.5806451612903226,0.8602150537634409,0.13978494623655913,5.0,Lack of equipment,Aggregated brand/category repair events; not model-specific,https://openrepair.org/open-data/downloads/,2026-08-23T14:57:31.671025+00:00
Desktop,medion,Medion,47,0.5531914893617021,0.7659574468085106,0.2127659574468085,8.0,Spare parts too expensive,Aggregated brand/category repair events; not model-specific,https://openrepair.org/open-data/downloads/,2026-08-23T14:57:31.671025+00:00
Desktop,packard bell,Packard Bell,27,0.5185185185185185,0.6666666666666666,0.3333333333333333,9.5,Repair information not available,Aggregated brand/category repair events; not model-specific,https://openrepair.org/open-data/downloads/,2026-08-23T14:57:31.671025+00:00
Desktop,toshiba,Toshiba,22,0.6363636363636364,0.7727272727272727,0.22727272727272727,12.0,Repair information not available,Aggregated brand/category repair events; not model-specific,https://openrepair.org/open-data/downloads/,2026-08-23T14:57:31.671025+00:00
Desktop,samsung,Samsung,19,0.3684210526315789,0.7894736842105263,0.21052631578947367,11.0,,Aggregated brand/category repair events; not model-specific,https://openrepair.org/open-data/downloads/,2026-08-23T14:57:31.671025+00:00
Desktop,sony,Sony,15,0.6,0.8,0.13333333333333333,13.0,,Aggregated brand/category repair events; not model-specific,https://openrepair.org/open-data/downloads/,2026-08-23T14:57:31.671025+00:00
Desktop,mac,MAC,14,0.5,0.6428571428571429,0.35714285714285715,15.5,Lack of equipment,Aggregated brand/category repair events; not model-specific,https://openrepair.org/open-data/downloads/,2026-08-23T14:57:31.671025+00:00
Desktop,thinkpad,Thinkpad,13,0.6923076923076923,0.6923076923076923,0.23076923076923078,22.0,Lack of equipment,Aggregated brand/category repair events; not model-specific,https://openrepair.org/open-data/downloads/,2026-08-23T14:57:31.671025+00:00
Desktop,fujitsu,Fujitsu,11,0.6363636363636364,0.9090909090909091,0.09090909090909091,10.0,Repair information not available,Aggregated brand/category repair events; not model-specific,https://openrepair.org/open-data/downloads/,2026-08-23T14:57:31.671025+00:00
Desktop,commodore,Commodore,8,0.5,0.75,0.25,35.0,,Aggregated brand/category repair events; not model-specific,https://openrepair.org/open-data/downloads/,2026-08-23T14:57:31.671025+00:00
Desktop,lg,LG,8,0.5,0.5,0.5,19.0,Spare parts not available,Aggregated brand/category repair events; not model-specific,https://openrepair.org/open-data/downloads/,2026-08-23T14:57:31.671025+00:00
Desktop,msi,MSI,8,0.375,0.5,0.375,10.0,Lack of equipment,Aggregated brand/category repair events; not model-specific,https://openrepair.org/open-data/downloads/,2026-08-23T14:57:31.671025+00:00
Desktop,compaq,Compaq,7,0.2857142857142857,0.42857142857142855,0.5714285714285714,12.0,,Aggregated brand/category repair events; not model-specific,https://openrepair.org/open-data/downloads/,2026-08-23T14:57:31.671025+00:00
Desktop,lenova,Lenova,7,0.2857142857142857,0.2857142857142857,0.7142857142857143,10.0,Repair information not available,Aggregated brand/category repair events; not model-specific,https://openrepair.org/open-data/downloads/,2026-08-23T14:57:31.671025+00:00
Desktop,fujitsu siemens,Fujitsu Siemens,6,0.8333333333333334,1.0,0.0,,,Aggregated brand/category repair events; not model-specific,https://openrepair.org/open-data/downloads/,2026-08-23T14:57:31.671025+00:00
Desktop,hp compaq,HP Compaq,6,0.6666666666666666,0.8333333333333334,0.16666666666666666,10.5,,Aggregated brand/category repair events; not model-specific,https://openrepair.org/open-data/downloads/,2026-08-23T14:57:31.671025+00:00
Desktop,arduino,Arduino,5,0.4,0.8,0.2,2.5,,Aggregated brand/category repair events; not model-specific,https://openrepair.org/open-data/downloads/,2026-08-23T14:57:31.671025+00:00
Desktop,raspberry pi,Raspberry Pi,5,0.8,0.8,0.2,35.0,,Aggregated brand/category repair events; not model-specific,https://openrepair.org/open-data/downloads/,2026-08-23T14:57:31.671025+00:00
Game console,unknown,Unknown,1196,0.4489966555183946,0.6613712374581939,0.2842809364548495,10.0,Spare parts not available,Aggregated brand/category repair events; not model-specific,https://openrepair.org/open-data/downloads/,2026-08-23T14:57:31.671025+00:00
Game console,sony,Sony,666,0.4069069069069069,0.7087087087087087,0.27627627627627627,20.0,Spare parts not available,Aggregated brand/category repair events; not model-specific,https://openrepair.org/open-data/downloads/,2026-08-23T14:57:31.671025+00:00
Game console,nintendo,Nintendo,361,0.4598337950138504,0.7313019390581718,0.2409972299168975,9.5,Spare parts not available,Aggregated brand/category repair events; not model-specific,https://openrepair.org/open-data/downloads/,2026-08-23T14:57:31.671025+00:00
Game console,apple,Apple,118,0.3389830508474576,0.7203389830508474,0.2627118644067797,10.0,Lack of equipment,Aggregated brand/category repair events; not model-specific,https://openrepair.org/open-data/downloads/,2026-08-23T14:57:31.671025+00:00
Game console,philips,Philips,77,0.4675324675324675,0.7012987012987013,0.2857142857142857,15.0,Spare parts not available,Aggregated brand/category repair events; not model-specific,https://openrepair.org/open-data/downloads/,2026-08-23T14:57:31.671025+00:00
Game console,playstation,PlayStation,57,0.40350877192982454,0.7719298245614035,0.22807017543859648,7.0,Repair information not available,Aggregated brand/category repair events; not model-specific,https://openrepair.org/open-data/downloads/,2026-08-23T14:57:31.671025+00:00
Game console,microsoft,Microsoft,55,0.43636363636363634,0.8181818181818182,0.18181818181818182,6.0,Lack of equipment,Aggregated brand/category repair events; not model-specific,https://openrepair.org/open-data/downloads/,2026-08-23T14:57:31.671025+00:00
Game console,jbl,JBL,49,0.4489795918367347,0.7959183673469388,0.14285714285714285,4.0,No way to open product,Aggregated brand/category repair events; not model-specific,https://openrepair.org/open-data/downloads/,2026-08-23T14:57:31.671025+00:00
Game console,xbox,Xbox,47,0.40425531914893614,0.7446808510638298,0.2127659574468085,7.0,Repair information not available,Aggregated brand/category repair events; not model-specific,https://openrepair.org/open-data/downloads/,2026-08-23T14:57:31.671025+00:00
Game console,panasonic,Panasonic,46,0.5217391304347826,0.782608695652174,0.1956521739130435,28.0,Lack of equipment,Aggregated brand/category repair events; not model-specific,https://openrepair.org/open-data/downloads/,2026-08-23T14:57:31.671025+00:00
Game console,grundig,Grundig,34,0.5588235294117647,0.7647058823529411,0.23529411764705882,15.0,Spare parts not available,Aggregated brand/category repair events; not model-specific,https://openrepair.org/open-data/downloads/,2026-08-23T14:57:31.671025+00:00
Game console,sega,Sega,29,0.4827586206896552,0.7586206896551724,0.20689655172413793,30.0,Item too worn out,Aggregated brand/category repair events; not model-specific,https://openrepair.org/open-data/downloads/,2026-08-23T14:57:31.671025+00:00
Game console,aiwa,AIWA,21,0.23809523809523808,0.5238095238095238,0.47619047619047616,20.5,Spare parts not available,Aggregated brand/category repair events; not model-specific,https://openrepair.org/open-data/downloads/,2026-08-23T14:57:31.671025+00:00
Game console,rft,RFT,21,0.6190476190476191,0.9523809523809523,0.047619047619047616,35.0,,Aggregated brand/category repair events; not model-specific,https://openrepair.org/open-data/downloads/,2026-08-23T14:57:31.671025+00:00
Game console,bose,Bose,19,0.42105263157894735,0.7368421052631579,0.2631578947368421,4.0,Repair information not available,Aggregated brand/category repair events; not model-specific,https://openrepair.org/open-data/downloads/,2026-08-23T14:57:31.671025+00:00
Game console,bush,Bush,16,0.3125,0.5625,0.375,7.0,Repair information not available,Aggregated brand/category repair events; not model-specific,https://openrepair.org/open-data/downloads/,2026-08-23T14:57:31.671025+00:00
Game console,jvc,JVC,16,0.6875,0.9375,0.0625,17.0,Spare parts not available,Aggregated brand/category repair events; not model-specific,https://openrepair.org/open-data/downloads/,2026-08-23T14:57:31.671025+00:00
Game console,ps4,PS4,14,0.5714285714285714,0.7142857142857143,0.2857142857142857,6.0,Lack of equipment,Aggregated brand/category repair events; not model-specific,https://openrepair.org/open-data/downloads/,2026-08-23T14:57:31.671025+00:00
Game console,sanyo,Sanyo,13,0.5384615384615384,0.7692307692307693,0.15384615384615385,20.0,,Aggregated brand/category repair events; not model-specific,https://openrepair.org/open-data/downloads/,2026-08-23T14:57:31.671025+00:00
Game console,wii,Wii,13,0.6153846153846154,0.7692307692307693,0.15384615384615385,6.0,,Aggregated brand/category repair events; not model-specific,https://openrepair.org/open-data/downloads/,2026-08-23T14:57:31.671025+00:00
Game console,x box,X Box,12,0.25,0.5833333333333334,0.16666666666666666,4.0,Item too worn out,Aggregated brand/category repair events; not model-specific,https://openrepair.org/open-data/downloads/,2026-08-23T14:57:31.671025+00:00
Game console,denver,Denver,11,0.7272727272727273,0.7272727272727273,0.2727272727272727,4.0,Spare parts not available,Aggregated brand/category repair events; not model-specific,https://openrepair.org/open-data/downloads/,2026-08-23T14:57:31.671025+00:00
Game console,lunii,Lunii,11,0.7272727272727273,0.9090909090909091,0.09090909090909091,5.0,Lack of equipment,Aggregated brand/category repair events; not model-specific,https://openrepair.org/open-data/downloads/,2026-08-23T14:57:31.671025+00:00
Game console,olympus,Olympus,11,0.45454545454545453,0.6363636363636364,0.36363636363636365,10.0,,Aggregated brand/category repair events; not model-specific,https://openrepair.org/open-data/downloads/,2026-08-23T14:57:31.671025+00:00
Game console,atari,Atari,10,0.4,0.8,0.2,44.0,Item too worn out,Aggregated brand/category repair events; not model-specific,https://openrepair.org/open-data/downloads/,2026-08-23T14:57:31.671025+00:00
Game console,pioneer,Pioneer,10,0.4,0.8,0.2,37.5,Lack of equipment,Aggregated brand/category repair events; not model-specific,https://openrepair.org/open-data/downloads/,2026-08-23T14:57:31.671025+00:00
Game console,denon,Denon,9,0.8888888888888888,1.0,0.0,20.0,,Aggregated brand/category repair events; not model-specific,https://openrepair.org/open-data/downloads/,2026-08-23T14:57:31.671025+00:00
Game console,fisher price,Fisher-Price,9,0.5555555555555556,0.8888888888888888,0.1111111111111111,28.0,Spare parts too expensive,Aggregated brand/category repair events; not model-specific,https://openrepair.org/open-data/downloads/,2026-08-23T14:57:31.671025+00:00
Game console,marshall,Marshall,9,0.3333333333333333,0.6666666666666666,0.2222222222222222,3.0,,Aggregated brand/category repair events; not model-specific,https://openrepair.org/open-data/downloads/,2026-08-23T14:57:31.671025+00:00
Game console,sharp,Sharp,9,0.5555555555555556,0.7777777777777778,0.2222222222222222,30.0,Spare parts not available,Aggregated brand/category repair events; not model-specific,https://openrepair.org/open-data/downloads/,2026-08-23T14:57:31.671025+00:00
Game console,vtech,Vtech,9,0.7777777777777778,1.0,0.0,7.5,,Aggregated brand/category repair events; not model-specific,https://openrepair.org/open-data/downloads/,2026-08-23T14:57:31.671025+00:00
Game console,yamaha,Yamaha,8,0.5,0.75,0.25,10.0,Lack of equipment,Aggregated brand/category repair events; not model-specific,https://openrepair.org/open-data/downloads/,2026-08-23T14:57:31.671025+00:00
Game console,hitachi,Hitachi,7,0.14285714285714285,0.8571428571428571,0.14285714285714285,15.0,Spare parts not available,Aggregated brand/category repair events; not model-specific,https://openrepair.org/open-data/downloads/,2026-08-23T14:57:31.671025+00:00
Game console,lg,LG,7,0.2857142857142857,0.5714285714285714,0.2857142857142857,13.75,Spare parts not available,Aggregated brand/category repair events; not model-specific,https://openrepair.org/open-data/downloads/,2026-08-23T14:57:31.671025+00:00
Game console,samsung,Samsung,7,0.2857142857142857,0.5714285714285714,0.42857142857142855,12.0,No way to open product,Aggregated brand/category repair events; not model-specific,https://openrepair.org/open-data/downloads/,2026-08-23T14:57:31.671025+00:00
Game console,tascam,Tascam,7,0.8571428571428571,1.0,0.0,6.0,,Aggregated brand/category repair events; not model-specific,https://openrepair.org/open-data/downloads/,2026-08-23T14:57:31.671025+00:00
Game console,technics,Technics,7,0.5714285714285714,0.7142857142857143,0.2857142857142857,7.0,Item too worn out,Aggregated brand/category repair events; not model-specific,https://openrepair.org/open-data/downloads/,2026-08-23T14:57:31.671025+00:00
Game console,toshiba,Toshiba,7,0.42857142857142855,0.8571428571428571,0.14285714285714285,35.0,,Aggregated brand/category repair events; not model-specific,https://openrepair.org/open-data/downloads/,2026-08-23T14:57:31.671025+00:00
Game console,akai,AKAI,6,0.5,0.5,0.5,32.0,Lack of equipment,Aggregated brand/category repair events; not model-specific,https://openrepair.org/open-data/downloads/,2026-08-23T14:57:31.671025+00:00
Game console,alba,Alba,6,0.6666666666666666,0.6666666666666666,0.16666666666666666,20.5,,Aggregated brand/category repair events; not model-specific,https://openrepair.org/open-data/downloads/,2026-08-23T14:57:31.671025+00:00
Game console,alecto,Alecto,6,0.6666666666666666,0.8333333333333334,0.16666666666666666,2.0,Repair information not available,Aggregated brand/category repair events; not model-specific,https://openrepair.org/open-data/downloads/,2026-08-23T14:57:31.671025+00:00
Game console,binatone,Binatone,6,0.16666666666666666,0.6666666666666666,0.3333333333333333,7.0,Lack of equipment,Aggregated brand/category repair events; not model-specific,https://openrepair.org/open-data/downloads/,2026-08-23T14:57:31.671025+00:00
Game console,harman kardon,Harman/Kardon,6,0.8333333333333334,1.0,0.0,4.5,,Aggregated brand/category repair events; not model-specific,https://openrepair.org/open-data/downloads/,2026-08-23T14:57:31.671025+00:00
Game console,jumbo,Jumbo,6,1.0,1.0,0.0,24.5,,Aggregated brand/category repair events; not model-specific,https://openrepair.org/open-data/downloads/,2026-08-23T14:57:31.671025+00:00
Game console,medion,Medion,6,0.6666666666666666,0.8333333333333334,0.16666666666666666,12.0,,Aggregated brand/category repair events; not model-specific,https://openrepair.org/open-data/downloads/,2026-08-23T14:57:31.671025+00:00
Game console,phillips,Phillips,6,0.5,0.5,0.5,20.0,Lack of equipment,Aggregated brand/category repair events; not model-specific,https://openrepair.org/open-data/downloads/,2026-08-23T14:57:31.671025+00:00
Game console,roberts,Roberts,6,0.5,0.8333333333333334,0.16666666666666666,12.0,Item too worn out,Aggregated brand/category repair events; not model-specific,https://openrepair.org/open-data/downloads/,2026-08-23T14:57:31.671025+00:00
Game console,veb stern radio berlin,VEB Stern-Radio Berlin,6,0.3333333333333333,1.0,0.0,34.0,,Aggregated brand/category repair events; not model-specific,https://openrepair.org/open-data/downloads/,2026-08-23T14:57:31.671025+00:00
Game console,braun,Braun,5,0.8,0.8,0.0,18.0,,Aggregated brand/category repair events; not model-specific,https://openrepair.org/open-data/downloads/,2026-08-23T14:57:31.671025+00:00
Game console,lenco,Lenco,5,0.4,1.0,0.0,1.0,,Aggregated brand/category repair events; not model-specific,https://openrepair.org/open-data/downloads/,2026-08-23T14:57:31.671025+00:00
Game console,logitech,Logitech,5,0.4,0.6,0.4,6.0,Spare parts too expensive,Aggregated brand/category repair events; not model-specific,https://openrepair.org/open-data/downloads/,2026-08-23T14:57:31.671025+00:00
Game console,nintendo switch,Nintendo Switch,5,0.4,0.6,0.4,,Lack of equipment,Aggregated brand/category repair events; not model-specific,https://openrepair.org/open-data/downloads/,2026-08-23T14:57:31.671025+00:00
Game console,nitendo,Nitendo,5,0.6,0.8,0.2,1.0,No way to open product,Aggregated brand/category repair events; not model-specific,https://openrepair.org/open-data/downloads/,2026-08-23T14:57:31.671025+00:00
Game console,onkyo,Onkyo,5,0.8,1.0,0.0,23.0,,Aggregated brand/category repair events; not model-specific,https://openrepair.org/open-data/downloads/,2026-08-23T14:57:31.671025+00:00
Headphones,unknown,Unknown,1480,0.5101351351351351,0.6527027027027027,0.25472972972972974,3.0,No way to open product,Aggregated brand/category repair events; not model-specific,https://openrepair.org/open-data/downloads/,2026-08-23T14:57:31.671025+00:00
Headphones,sony,Sony,240,0.6083333333333333,0.8,0.1875,3.0,Spare parts not available,Aggregated brand/category repair events; not model-specific,https://openrepair.org/open-data/downloads/,2026-08-23T14:57:31.671025+00:00
Headphones,sennheiser,Sennheiser,234,0.6282051282051282,0.8247863247863247,0.17094017094017094,7.0,Repair information not available,Aggregated brand/category repair events; not model-specific,https://openrepair.org/open-data/downloads/,2026-08-23T14:57:31.671025+00:00
Headphones,bose,Bose,158,0.4430379746835443,0.6835443037974683,0.2911392405063291,5.0,Item too worn out,Aggregated brand/category repair events; not model-specific,https://openrepair.org/open-data/downloads/,2026-08-23T14:57:31.671025+00:00
Headphones,jbl,JBL,142,0.49295774647887325,0.6971830985915493,0.2887323943661972,3.0,Spare parts not available,Aggregated brand/category repair events; not model-specific,https://openrepair.org/open-data/downloads/,2026-08-23T14:57:31.671025+00:00
Headphones,beats,Beats,74,0.3783783783783784,0.6756756756756757,0.32432432432432434,3.0,Spare parts not available,Aggregated brand/category repair events; not model-specific,https://openrepair.org/open-data/downloads/,2026-08-23T14:57:31.671025+00:00
Headphones,philips,Philips,73,0.589041095890411,0.7397260273972602,0.2191780821917808,4.0,Item too worn out,Aggregated brand/category repair events; not model-specific,https://openrepair.org/open-data/downloads/,2026-08-23T14:57:31.671025+00:00
Headphones,marshall,Marshall,55,0.4727272727272727,0.7818181818181819,0.21818181818181817,3.0,Spare parts not available,Aggregated brand/category repair events; not model-specific,https://openrepair.org/open-data/downloads/,2026-08-23T14:57:31.671025+00:00
Headphones,akg,AKG,53,0.7169811320754716,0.8679245283018868,0.1320754716981132,6.0,Lack of equipment,Aggregated brand/category repair events; not model-specific,https://openrepair.org/open-data/downloads/,2026-08-23T14:57:31.671025+00:00
Headphones,apple,Apple,45,0.4,0.5333333333333333,0.4666666666666667,2.0,No way to open product,Aggregated brand/category repair events; not model-specific,https://openrepair.org/open-data/downloads/,2026-08-23T14:57:31.671025+00:00
Headphones,beyerdynamic,Beyerdynamic,37,0.6756756756756757,0.8378378378378378,0.16216216216216217,8.0,Spare parts not available,Aggregated brand/category repair events; not model-specific,https://openrepair.org/open-data/downloads/,2026-08-23T14:57:31.671025+00:00
Headphones,jabra,Jabra,31,0.6129032258064516,0.6774193548387096,0.3225806451612903,3.0,No way to open product,Aggregated brand/category repair events; not model-specific,https://openrepair.org/open-data/downloads/,2026-08-23T14:57:31.671025+00:00
Headphones,logitech,Logitech,27,0.37037037037037035,0.5925925925925926,0.4074074074074074,2.0,Repair information not available,Aggregated brand/category repair events; not model-specific,https://openrepair.org/open-data/downloads/,2026-08-23T14:57:31.671025+00:00
Headphones,jvc,JVC,22,0.5909090909090909,0.8636363636363636,0.13636363636363635,3.0,,Aggregated brand/category repair events; not model-specific,https://openrepair.org/open-data/downloads/,2026-08-23T14:57:31.671025+00:00
Headphones,razer,Razer,19,0.47368421052631576,0.5789473684210527,0.3684210526315789,2.0,Item too worn out,Aggregated brand/category repair events; not model-specific,https://openrepair.org/open-data/downloads/,2026-08-23T14:57:31.671025+00:00
Headphones,samsung,Samsung,18,0.5,0.6111111111111112,0.3888888888888889,2.0,No way to open product,Aggregated brand/category repair events; not model-specific,https://openrepair.org/open-data/downloads/,2026-08-23T14:57:31.671025+00:00
Headphones,panasonic,Panasonic,17,0.5882352941176471,0.7647058823529411,0.23529411764705882,4.5,No way to open product,Aggregated brand/category repair events; not model-specific,https://openrepair.org/open-data/downloads/,2026-08-23T14:57:31.671025+00:00
Headphones,b o,B&O,16,0.625,0.625,0.25,,Lack of equipment,Aggregated brand/category repair events; not model-specific,https://openrepair.org/open-data/downloads/,2026-08-23T14:57:31.671025+00:00
Headphones,hyperx,HyperX,13,0.7692307692307693,0.9230769230769231,0.0,2.0,,Aggregated brand/category repair events; not model-specific,https://openrepair.org/open-data/downloads/,2026-08-23T14:57:31.671025+00:00
Headphones,plantronics,Plantronics,13,0.6153846153846154,0.7692307692307693,0.23076923076923078,6.0,,Aggregated brand/category repair events; not model-specific,https://openrepair.org/open-data/downloads/,2026-08-23T14:57:31.671025+00:00
Headphones,trust,Trust,12,0.4166666666666667,0.8333333333333334,0.08333333333333333,2.0,,Aggregated brand/category repair events; not model-specific,https://openrepair.org/open-data/downloads/,2026-08-23T14:57:31.671025+00:00
Headphones,audio technica,Audio Technica,11,0.7272727272727273,0.9090909090909091,0.09090909090909091,5.0,No way to open product,Aggregated brand/category repair events; not model-specific,https://openrepair.org/open-data/downloads/,2026-08-23T14:57:31.671025+00:00
Headphones,koss,Koss,11,0.8181818181818182,0.8181818181818182,0.18181818181818182,7.0,,Aggregated brand/category repair events; not model-specific,https://openrepair.org/open-data/downloads/,2026-08-23T14:57:31.671025+00:00
Headphones,teufel,Teufel,11,0.36363636363636365,0.6363636363636364,0.2727272727272727,3.0,Spare parts not available,Aggregated brand/category repair events; not model-specific,https://openrepair.org/open-data/downloads/,2026-08-23T14:57:31.671025+00:00
Headphones,skullcandy,Skullcandy,10,0.5,0.6,0.3,2.0,,Aggregated brand/category repair events; not model-specific,https://openrepair.org/open-data/downloads/,2026-08-23T14:57:31.671025+00:00
Headphones,bowers wilkins,Bowers & Wilkins,9,0.5555555555555556,0.5555555555555556,0.4444444444444444,4.0,Repair information not available,Aggregated brand/category repair events; not model-specific,https://openrepair.org/open-data/downloads/,2026-08-23T14:57:31.671025+00:00
Headphones,appel,appel,8,0.75,0.75,0.25,,,Aggregated brand/category repair events; not model-specific,https://openrepair.org/open-data/downloads/,2026-08-23T14:57:31.671025+00:00
Headphones,turtlebeach,Turtlebeach,8,0.625,0.75,0.25,4.0,No way to open product,Aggregated brand/category repair events; not model-specific,https://openrepair.org/open-data/downloads/,2026-08-23T14:57:31.671025+00:00
Headphones,marshal,Marshal,7,0.42857142857142855,0.42857142857142855,0.5714285714285714,,Lack of equipment,Aggregated brand/category repair events; not model-specific,https://openrepair.org/open-data/downloads/,2026-08-23T14:57:31.671025+00:00
Headphones,steelseries,Steelseries,7,0.5714285714285714,0.7142857142857143,0.14285714285714285,4.0,,Aggregated brand/category repair events; not model-specific,https://openrepair.org/open-data/downloads/,2026-08-23T14:57:31.671025+00:00
Headphones,turtle beach,Turtle beach,7,0.42857142857142855,0.7142857142857143,0.2857142857142857,2.0,No way to open product,Aggregated brand/category repair events; not model-specific,https://openrepair.org/open-data/downloads/,2026-08-23T14:57:31.671025+00:00
Headphones,grundig,Grundig,6,0.5,0.6666666666666666,0.3333333333333333,1.75,,Aggregated brand/category repair events; not model-specific,https://openrepair.org/open-data/downloads/,2026-08-23T14:57:31.671025+00:00
Headphones,headphones,Headphones,6,0.16666666666666666,0.6666666666666666,0.3333333333333333,,Item too worn out,Aggregated brand/category repair events; not model-specific,https://openrepair.org/open-data/downloads/,2026-08-23T14:57:31.671025+00:00
Headphones,jlab,JLab,6,0.6666666666666666,0.8333333333333334,0.16666666666666666,1.5,Item too worn out,Aggregated brand/category repair events; not model-specific,https://openrepair.org/open-data/downloads/,2026-08-23T14:57:31.671025+00:00
Headphones,marley,Marley,6,0.5,0.5,0.5,5.0,Item too worn out,Aggregated brand/category repair events; not model-specific,https://openrepair.org/open-data/downloads/,2026-08-23T14:57:31.671025+00:00
Headphones,nintendo,Nintendo,6,0.3333333333333333,0.5,0.5,2.0,Spare parts too expensive,Aggregated brand/category repair events; not model-specific,https://openrepair.org/open-data/downloads/,2026-08-23T14:57:31.671025+00:00
Headphones,pioneer,Pioneer,6,0.8333333333333334,0.8333333333333334,0.16666666666666666,4.0,Item too worn out,Aggregated brand/category repair events; not model-specific,https://openrepair.org/open-data/downloads/,2026-08-23T14:57:31.671025+00:00
Headphones,senheiser,Senheiser,6,0.6666666666666666,1.0,0.0,5.0,,Aggregated brand/category repair events; not model-specific,https://openrepair.org/open-data/downloads/,2026-08-23T14:57:31.671025+00:00
Headphones,shure,Shure,6,0.8333333333333334,1.0,0.0,1.5,,Aggregated brand/category repair events; not model-specific,https://openrepair.org/open-data/downloads/,2026-08-23T14:57:31.671025+00:00
Headphones,silvercrest,Silvercrest,6,0.8333333333333334,1.0,0.0,2.5,,Aggregated brand/category repair events; not model-specific,https://openrepair.org/open-data/downloads/,2026-08-23T14:57:31.671025+00:00
Headphones,ukendt,Ukendt,6,0.3333333333333333,0.3333333333333333,0.6666666666666666,,Lack of equipment,Aggregated brand/category repair events; not model-specific,https://openrepair.org/open-data/downloads/,2026-08-23T14:57:31.671025+00:00
Headphones,akai,Akai,5,0.4,0.6,0.4,14.5,Item too worn out,Aggregated brand/category repair events; not model-specific,https://openrepair.org/open-data/downloads/,2026-08-23T14:57:31.671025+00:00
Headphones,beyer,Beyer,5,0.8,0.8,0.2,3.0,,Aggregated brand/category repair events; not model-specific,https://openrepair.org/open-data/downloads/,2026-08-23T14:57:31.671025+00:00
Headphones,denon,Denon,5,0.8,0.8,0.2,24.0,,Aggregated brand/category repair events; not model-specific,https://openrepair.org/open-data/downloads/,2026-08-23T14:57:31.671025+00:00
Headphones,mpow,Mpow,5,0.4,0.6,0.4,2.5,Item too worn out,Aggregated brand/category repair events; not model-specific,https://openrepair.org/open-data/downloads/,2026-08-23T14:57:31.671025+00:00
Headphones,shokz,Shokz,5,0.6,0.6,0.4,3.0,Spare parts not available,Aggregated brand/category repair events; not model-specific,https://openrepair.org/open-data/downloads/,2026-08-23T14:57:31.671025+00:00
Headphones,superlux,Superlux,5,0.6,1.0,0.0,5.0,,Aggregated brand/category repair events; not model-specific,https://openrepair.org/open-data/downloads/,2026-08-23T14:57:31.671025+00:00
Laptop,unknown,Unknown,3836,0.5156412930135558,0.7669447340980188,0.1616266944734098,5.0,Spare parts too expensive,Aggregated brand/category repair events; not model-specific,https://openrepair.org/open-data/downloads/,2026-08-23T14:57:31.671025+00:00
Laptop,hp,HP,1986,0.6430010070493454,0.8726082578046325,0.11178247734138973,7.0,Spare parts too expensive,Aggregated brand/category repair events; not model-specific,https://openrepair.org/open-data/downloads/,2026-08-23T14:57:31.671025+00:00
Laptop,lenovo,Lenovo,1099,0.5932666060054596,0.8425841674249318,0.14012738853503184,5.0,Spare parts too expensive,Aggregated brand/category repair events; not model-specific,https://openrepair.org/open-data/downloads/,2026-08-23T14:57:31.671025+00:00
Laptop,acer,Acer,954,0.5324947589098532,0.8123689727463312,0.1719077568134172,6.0,Spare parts too expensive,Aggregated brand/category repair events; not model-specific,https://openrepair.org/open-data/downloads/,2026-08-23T14:57:31.671025+00:00
Laptop,apple,Apple,904,0.5453539823008849,0.8495575221238938,0.13716814159292035,7.0,No way to open product,Aggregated brand/category repair events; not model-specific,https://openrepair.org/open-data/downloads/,2026-08-23T14:57:31.671025+00:00
Laptop,asus,Asus,767,0.5358539765319427,0.8526727509778357,0.13689700130378096,5.0,Spare parts too expensive,Aggregated brand/category repair events; not model-specific,https://openrepair.org/open-data/downloads/,2026-08-23T14:57:31.671025+00:00
Laptop,dell,Dell,756,0.5357142857142857,0.8227513227513228,0.16137566137566137,6.0,Spare parts too expensive,Aggregated brand/category repair events; not model-specific,https://openrepair.org/open-data/downloads/,2026-08-23T14:57:31.671025+00:00
Laptop,toshiba,Toshiba,497,0.5231388329979879,0.8128772635814889,0.18108651911468812,9.0,Repair information not available,Aggregated brand/category repair events; not model-specific,https://openrepair.org/open-data/downloads/,2026-08-23T14:57:31.671025+00:00
Laptop,samsung,Samsung,201,0.4975124378109453,0.8059701492537313,0.1890547263681592,7.0,Spare parts too expensive,Aggregated brand/category repair events; not model-specific,https://openrepair.org/open-data/downloads/,2026-08-23T14:57:31.671025+00:00
Laptop,sony,Sony,183,0.5409836065573771,0.8032786885245902,0.19672131147540983,10.0,Spare parts not available,Aggregated brand/category repair events; not model-specific,https://openrepair.org/open-data/downloads/,2026-08-23T14:57:31.671025+00:00
Laptop,medion,Medion,110,0.4818181818181818,0.7727272727272727,0.22727272727272727,6.0,Lack of equipment,Aggregated brand/category repair events; not model-specific,https://openrepair.org/open-data/downloads/,2026-08-23T14:57:31.671025+00:00
Laptop,packard bell,Packard Bell,80,0.5375,0.7625,0.2375,8.0,Spare parts too expensive,Aggregated brand/category repair events; not model-specific,https://openrepair.org/open-data/downloads/,2026-08-23T14:57:31.671025+00:00
Laptop,compaq,Compaq,70,0.4142857142857143,0.6857142857142857,0.2857142857142857,10.0,Item too worn out,Aggregated brand/category repair events; not model-specific,https://openrepair.org/open-data/downloads/,2026-08-23T14:57:31.671025+00:00
Laptop,fujitsu,Fujitsu,57,0.6140350877192983,0.8596491228070176,0.12280701754385964,10.0,Repair information not available,Aggregated brand/category repair events; not model-specific,https://openrepair.org/open-data/downloads/,2026-08-23T14:57:31.671025+00:00
Laptop,msi,MSI,34,0.4117647058823529,0.8235294117647058,0.14705882352941177,7.0,Lack of equipment,Aggregated brand/category repair events; not model-specific,https://openrepair.org/open-data/downloads/,2026-08-23T14:57:31.671025+00:00
Laptop,hp compaq,HP Compaq,26,0.5769230769230769,0.7307692307692307,0.2692307692307692,6.0,Spare parts too expensive,Aggregated brand/category repair events; not model-specific,https://openrepair.org/open-data/downloads/,2026-08-23T14:57:31.671025+00:00
Laptop,appel,appel,25,0.96,1.0,0.0,3.0,,Aggregated brand/category repair events; not model-specific,https://openrepair.org/open-data/downloads/,2026-08-23T14:57:31.671025+00:00
Laptop,ibm,IBM,25,0.48,0.76,0.24,11.5,Spare parts not available,Aggregated brand/category repair events; not model-specific,https://openrepair.org/open-data/downloads/,2026-08-23T14:57:31.671025+00:00
Laptop,macbook,Macbook,25,0.32,0.8,0.2,7.0,Item too worn out,Aggregated brand/category repair events; not model-specific,https://openrepair.org/open-data/downloads/,2026-08-23T14:57:31.671025+00:00
Laptop,microsoft,Microsoft,25,0.2,0.72,0.2,5.0,Spare parts too expensive,Aggregated brand/category repair events; not model-specific,https://openrepair.org/open-data/downloads/,2026-08-23T14:57:31.671025+00:00
Laptop,mac,Mac,24,0.4583333333333333,0.8333333333333334,0.16666666666666666,8.0,Spare parts not available,Aggregated brand/category repair events; not model-specific,https://openrepair.org/open-data/downloads/,2026-08-23T14:57:31.671025+00:00
Laptop,fujitsu technology solutions,Fujitsu Technology Solutions,15,0.3333333333333333,0.8666666666666667,0.13333333333333333,11.5,,Aggregated brand/category repair events; not model-specific,https://openrepair.org/open-data/downloads/,2026-08-23T14:57:31.671025+00:00
Laptop,huawei,Huawei,15,0.26666666666666666,0.7333333333333333,0.26666666666666666,2.0,No way to open product,Aggregated brand/category repair events; not model-specific,https://openrepair.org/open-data/downloads/,2026-08-23T14:57:31.671025+00:00
Laptop,thinkpad,Thinkpad,13,0.6923076923076923,0.9230769230769231,0.07692307692307693,7.0,,Aggregated brand/category repair events; not model-specific,https://openrepair.org/open-data/downloads/,2026-08-23T14:57:31.671025+00:00
Laptop,thomson,Thomson,13,0.46153846153846156,0.8461538461538461,0.15384615384615385,4.0,Spare parts too expensive,Aggregated brand/category repair events; not model-specific,https://openrepair.org/open-data/downloads/,2026-08-23T14:57:31.671025+00:00
Laptop,lenova,Lenova,12,0.6666666666666666,0.9166666666666666,0.08333333333333333,5.5,Item too worn out,Aggregated brand/category repair events; not model-specific,https://openrepair.org/open-data/downloads/,2026-08-23T14:57:31.671025+00:00
Laptop,h,H[,10,1.0,1.0,0.0,,,Aggregated brand/category repair events; not model-specific,https://openrepair.org/open-data/downloads/,2026-08-23T14:57:31.671025+00:00
Laptop,hewlett packard,Hewlett Packard,10,0.4,0.8,0.1,7.0,Repair information not available,Aggregated brand/category repair events; not model-specific,https://openrepair.org/open-data/downloads/,2026-08-23T14:57:31.671025+00:00
Laptop,hp6,hp6,10,1.0,1.0,0.0,,,Aggregated brand/category repair events; not model-specific,https://openrepair.org/open-data/downloads/,2026-08-23T14:57:31.671025+00:00
Laptop,macbook pro,Macbook Pro,9,0.5555555555555556,1.0,0.0,8.5,,Aggregated brand/category repair events; not model-specific,https://openrepair.org/open-data/downloads/,2026-08-23T14:57:31.671025+00:00
Laptop,asos,Asos,8,0.5,0.875,0.125,6.5,,Aggregated brand/category repair events; not model-specific,https://openrepair.org/open-data/downloads/,2026-08-23T14:57:31.671025+00:00
Laptop,google,Google,8,0.25,0.875,0.125,2.0,,Aggregated brand/category repair events; not model-specific,https://openrepair.org/open-data/downloads/,2026-08-23T14:57:31.671025+00:00
Laptop,laptop,Laptop,8,0.625,0.875,0.0,,,Aggregated brand/category repair events; not model-specific,https://openrepair.org/open-data/downloads/,2026-08-23T14:57:31.671025+00:00
Laptop,medion akoya,Medion akoya,8,0.125,0.625,0.375,10.0,Item too worn out,Aggregated brand/category repair events; not model-specific,https://openrepair.org/open-data/downloads/,2026-08-23T14:57:31.671025+00:00
Laptop,siemens,Siemens,7,0.2857142857142857,0.5714285714285714,0.42857142857142855,11.5,Item too worn out,Aggregated brand/category repair events; not model-specific,https://openrepair.org/open-data/downloads/,2026-08-23T14:57:31.671025+00:00
Laptop,chrome book,Chrome Book,6,0.8333333333333334,1.0,0.0,2.5,,Aggregated brand/category repair events; not model-specific,https://openrepair.org/open-data/downloads/,2026-08-23T14:57:31.671025+00:00
Laptop,emachines,eMachines,6,0.8333333333333334,1.0,0.0,10.0,,Aggregated brand/category repair events; not model-specific,https://openrepair.org/open-data/downloads/,2026-08-23T14:57:31.671025+00:00
Laptop,terra,Terra,6,0.6666666666666666,1.0,0.0,8.0,,Aggregated brand/category repair events; not model-specific,https://openrepair.org/open-data/downloads/,2026-08-23T14:57:31.671025+00:00
Laptop,advent,Advent,5,0.6,0.8,0.2,15.0,Spare parts not available,Aggregated brand/category repair events; not model-specific,https://openrepair.org/open-data/downloads/,2026-08-23T14:57:31.671025+00:00
Laptop,aser,Aser,5,0.4,0.6,0.4,10.0,,Aggregated brand/category repair events; not model-specific,https://openrepair.org/open-data/downloads/,2026-08-23T14:57:31.671025+00:00
Laptop,chrome,Chrome,5,0.4,0.8,0.2,4.5,,Aggregated brand/category repair events; not model-specific,https://openrepair.org/open-data/downloads/,2026-08-23T14:57:31.671025+00:00
Laptop,trekstor,TrekStor,5,0.4,0.8,0.2,6.0,,Aggregated brand/category repair events; not model-specific,https://openrepair.org/open-data/downloads/,2026-08-23T14:57:31.671025+00:00
Laptop,vaio,Vaio,5,0.4,0.8,0.2,10.0,,Aggregated brand/category repair events; not model-specific,https://openrepair.org/open-data/downloads/,2026-08-23T14:57:31.671025+00:00
Laptop,xiaomi,Xiaomi,5,0.8,1.0,0.0,5.0,,Aggregated brand/category repair events; not model-specific,https://openrepair.org/open-data/downloads/,2026-08-23T14:57:31.671025+00:00
Laptop,xx,xx,5,0.4,0.6,0.0,,,Aggregated brand/category repair events; not model-specific,https://openrepair.org/open-data/downloads/,2026-08-23T14:57:31.671025+00:00
Printer / scanner,hp,HP,1448,0.3825966850828729,0.6070441988950276,0.3722375690607735,7.0,Repair information not available,Aggregated brand/category repair events; not model-specific,https://openrepair.org/open-data/downloads/,2026-08-23T14:57:31.671025+00:00
Printer / scanner,unknown,Unknown,1285,0.4140077821011673,0.5992217898832685,0.35019455252918286,6.0,Repair information not available,Aggregated brand/category repair events; not model-specific,https://openrepair.org/open-data/downloads/,2026-08-23T14:57:31.671025+00:00
Printer / scanner,canon,Canon,1282,0.3549141965678627,0.5686427457098284,0.41497659906396256,5.0,Repair information not available,Aggregated brand/category repair events; not model-specific,https://openrepair.org/open-data/downloads/,2026-08-23T14:57:31.671025+00:00
Printer / scanner,epson,Epson,649,0.4252696456086287,0.674884437596302,0.3050847457627119,5.0,Repair information not available,Aggregated brand/category repair events; not model-specific,https://openrepair.org/open-data/downloads/,2026-08-23T14:57:31.671025+00:00
Printer / scanner,brother,Brother,403,0.47642679900744417,0.6898263027295285,0.2878411910669975,7.0,Repair information not available,Aggregated brand/category repair events; not model-specific,https://openrepair.org/open-data/downloads/,2026-08-23T14:57:31.671025+00:00
Printer / scanner,samsung,Samsung,139,0.5035971223021583,0.697841726618705,0.2733812949640288,7.0,Repair information not available,Aggregated brand/category repair events; not model-specific,https://openrepair.org/open-data/downloads/,2026-08-23T14:57:31.671025+00:00
Printer / scanner,lexmark,Lexmark,26,0.34615384615384615,0.5769230769230769,0.38461538461538464,10.5,Repair information not available,Aggregated brand/category repair events; not model-specific,https://openrepair.org/open-data/downloads/,2026-08-23T14:57:31.671025+00:00
Printer / scanner,cannon,Cannon,23,0.5217391304347826,0.6086956521739131,0.34782608695652173,5.0,Repair information not available,Aggregated brand/category repair events; not model-specific,https://openrepair.org/open-data/downloads/,2026-08-23T14:57:31.671025+00:00
Printer / scanner,epsom,Epsom,23,0.2608695652173913,0.5217391304347826,0.43478260869565216,5.0,No way to open product,Aggregated brand/category repair events; not model-specific,https://openrepair.org/open-data/downloads/,2026-08-23T14:57:31.671025+00:00
Printer / scanner,canon pixma,Canon Pixma,16,0.5,0.625,0.375,6.5,Item too worn out,Aggregated brand/category repair events; not model-specific,https://openrepair.org/open-data/downloads/,2026-08-23T14:57:31.671025+00:00
Printer / scanner,hp compaq,HP Compaq,15,0.4,0.7333333333333333,0.26666666666666666,9.0,Repair information not available,Aggregated brand/category repair events; not model-specific,https://openrepair.org/open-data/downloads/,2026-08-23T14:57:31.671025+00:00
Printer / scanner,pixma,Pixma,15,0.5333333333333333,0.7333333333333333,0.13333333333333333,4.0,Item too worn out,Aggregated brand/category repair events; not model-specific,https://openrepair.org/open-data/downloads/,2026-08-23T14:57:31.671025+00:00
Printer / scanner,dell,Dell,14,0.2857142857142857,0.7857142857142857,0.21428571428571427,5.0,No way to open product,Aggregated brand/category repair events; not model-specific,https://openrepair.org/open-data/downloads/,2026-08-23T14:57:31.671025+00:00
Printer / scanner,xerox,Xerox,12,0.3333333333333333,0.5833333333333334,0.4166666666666667,7.0,Item too worn out,Aggregated brand/category repair events; not model-specific,https://openrepair.org/open-data/downloads/,2026-08-23T14:57:31.671025+00:00
Printer / scanner,kodak,Kodak,9,0.4444444444444444,0.5555555555555556,0.3333333333333333,5.0,Item too worn out,Aggregated brand/category repair events; not model-specific,https://openrepair.org/open-data/downloads/,2026-08-23T14:57:31.671025+00:00
Printer / scanner,kyocera,Kyocera,9,0.5555555555555556,0.5555555555555556,0.4444444444444444,13.0,Spare parts too expensive,Aggregated brand/category repair events; not model-specific,https://openrepair.org/open-data/downloads/,2026-08-23T14:57:31.671025+00:00
Printer / scanner,hp deskjet,HP Deskjet,8,0.375,0.5,0.5,5.0,Item too worn out,Aggregated brand/category repair events; not model-specific,https://openrepair.org/open-data/downloads/,2026-08-23T14:57:31.671025+00:00
Printer / scanner,philips,Philips,7,0.42857142857142855,0.5714285714285714,0.42857142857142855,20.0,Spare parts not available,Aggregated brand/category repair events; not model-specific,https://openrepair.org/open-data/downloads/,2026-08-23T14:57:31.671025+00:00
Printer / scanner,hewlett packard,Hewlett Packard,6,0.6666666666666666,0.8333333333333334,0.16666666666666666,10.0,Repair information not available,Aggregated brand/category repair events; not model-specific,https://openrepair.org/open-data/downloads/,2026-08-23T14:57:31.671025+00:00
Printer / scanner,imprimante,imprimante,5,0.6,1.0,0.0,5.0,,Aggregated brand/category repair events; not model-specific,https://openrepair.org/open-data/downloads/,2026-08-23T14:57:31.671025+00:00
Smartphone,unknown,Unknown,1783,0.588334268087493,0.7790241166573191,0.1519910263600673,4.0,Lack of equipment,Aggregated brand/category repair events; not model-specific,https://openrepair.org/open-data/downloads/,2026-08-23T14:57:31.671025+00:00
Smartphone,apple,Apple,1091,0.5838680109990834,0.8964252978918423,0.09624197983501374,4.0,Lack of equipment,Aggregated brand/category repair events; not model-specific,https://openrepair.org/open-data/downloads/,2026-08-23T14:57:31.671025+00:00
Smartphone,samsung,Samsung,868,0.4608294930875576,0.7995391705069125,0.1889400921658986,4.0,Spare parts too expensive,Aggregated brand/category repair events; not model-specific,https://openrepair.org/open-data/downloads/,2026-08-23T14:57:31.671025+00:00
Smartphone,huawei,Huawei,161,0.5341614906832298,0.8571428571428571,0.14285714285714285,4.0,Lack of equipment,Aggregated brand/category repair events; not model-specific,https://openrepair.org/open-data/downloads/,2026-08-23T14:57:31.671025+00:00
Smartphone,nokia,Nokia,154,0.5194805194805194,0.7857142857142857,0.2012987012987013,10.0,Spare parts not available,Aggregated brand/category repair events; not model-specific,https://openrepair.org/open-data/downloads/,2026-08-23T14:57:31.671025+00:00
Smartphone,motorola,Motorola,106,0.5094339622641509,0.7924528301886793,0.20754716981132076,3.0,Repair information not available,Aggregated brand/category repair events; not model-specific,https://openrepair.org/open-data/downloads/,2026-08-23T14:57:31.671025+00:00
Smartphone,sony,Sony,92,0.42391304347826086,0.8043478260869565,0.1956521739130435,5.0,Lack of equipment,Aggregated brand/category repair events; not model-specific,https://openrepair.org/open-data/downloads/,2026-08-23T14:57:31.671025+00:00
Smartphone,iphone,Iphone,73,0.6712328767123288,0.7671232876712328,0.2328767123287671,2.5,Repair information not available,Aggregated brand/category repair events; not model-specific,https://openrepair.org/open-data/downloads/,2026-08-23T14:57:31.671025+00:00
Smartphone,xiaomi,Xiaomi,68,0.5588235294117647,0.8382352941176471,0.16176470588235295,2.0,Item too worn out,Aggregated brand/category repair events; not model-specific,https://openrepair.org/open-data/downloads/,2026-08-23T14:57:31.671025+00:00
Smartphone,appel,appel,59,0.9661016949152542,1.0,0.0,3.0,,Aggregated brand/category repair events; not model-specific,https://openrepair.org/open-data/downloads/,2026-08-23T14:57:31.671025+00:00
Smartphone,fairphone,Fairphone,56,0.5357142857142857,0.875,0.125,4.0,Lack of equipment,Aggregated brand/category repair events; not model-specific,https://openrepair.org/open-data/downloads/,2026-08-23T14:57:31.671025+00:00
Smartphone,lg,LG,37,0.1891891891891892,0.7027027027027027,0.2702702702702703,3.0,No way to open product,Aggregated brand/category repair events; not model-specific,https://openrepair.org/open-data/downloads/,2026-08-23T14:57:31.671025+00:00
Smartphone,htc,HTC,34,0.47058823529411764,0.8529411764705882,0.14705882352941177,5.0,,Aggregated brand/category repair events; not model-specific,https://openrepair.org/open-data/downloads/,2026-08-23T14:57:31.671025+00:00
Smartphone,siemens,Siemens,32,0.4375,0.625,0.34375,14.0,Lack of equipment,Aggregated brand/category repair events; not model-specific,https://openrepair.org/open-data/downloads/,2026-08-23T14:57:31.671025+00:00
Smartphone,alcatel,Alcatel,28,0.6071428571428571,0.75,0.25,2.0,Lack of equipment,Aggregated brand/category repair events; not model-specific,https://openrepair.org/open-data/downloads/,2026-08-23T14:57:31.671025+00:00
Smartphone,gigaset,Gigaset,26,0.5769230769230769,0.8076923076923077,0.19230769230769232,5.0,Lack of equipment,Aggregated brand/category repair events; not model-specific,https://openrepair.org/open-data/downloads/,2026-08-23T14:57:31.671025+00:00
Smartphone,redmi,Redmi,25,0.64,0.88,0.12,2.0,,Aggregated brand/category repair events; not model-specific,https://openrepair.org/open-data/downloads/,2026-08-23T14:57:31.671025+00:00
Smartphone,doro,Doro,24,0.5416666666666666,0.7083333333333334,0.25,10.0,Repair information not available,Aggregated brand/category repair events; not model-specific,https://openrepair.org/open-data/downloads/,2026-08-23T14:57:31.671025+00:00
Smartphone,google,Google,23,0.5217391304347826,0.9130434782608695,0.08695652173913043,4.0,,Aggregated brand/category repair events; not model-specific,https://openrepair.org/open-data/downloads/,2026-08-23T14:57:31.671025+00:00
Smartphone,blackberry,BlackBerry,18,0.3333333333333333,0.7777777777777778,0.2222222222222222,5.0,,Aggregated brand/category repair events; not model-specific,https://openrepair.org/open-data/downloads/,2026-08-23T14:57:31.671025+00:00
Smartphone,panasonic,Panasonic,17,0.5882352941176471,0.8235294117647058,0.11764705882352941,10.0,Item too worn out,Aggregated brand/category repair events; not model-specific,https://openrepair.org/open-data/downloads/,2026-08-23T14:57:31.671025+00:00
Smartphone,oneplus,OnePlus,15,0.6666666666666666,0.8,0.2,5.0,Item too worn out,Aggregated brand/category repair events; not model-specific,https://openrepair.org/open-data/downloads/,2026-08-23T14:57:31.671025+00:00
Smartphone,philips,Philips,12,0.6666666666666666,0.9166666666666666,0.08333333333333333,5.5,Spare parts not available,Aggregated brand/category repair events; not model-specific,https://openrepair.org/open-data/downloads/,2026-08-23T14:57:31.671025+00:00
Smartphone,microsoft,Microsoft,11,0.2727272727272727,0.6363636363636364,0.36363636363636365,2.25,,Aggregated brand/category repair events; not model-specific,https://openrepair.org/open-data/downloads/,2026-08-23T14:57:31.671025+00:00
Smartphone,wiko,Wiko,11,0.2727272727272727,0.5454545454545454,0.45454545454545453,0.5,,Aggregated brand/category repair events; not model-specific,https://openrepair.org/open-data/downloads/,2026-08-23T14:57:31.671025+00:00
Smartphone,asus,Asus,10,0.4,0.8,0.2,2.0,Spare parts too expensive,Aggregated brand/category repair events; not model-specific,https://openrepair.org/open-data/downloads/,2026-08-23T14:57:31.671025+00:00
Smartphone,oppo,Oppo,10,0.6,1.0,0.0,2.0,,Aggregated brand/category repair events; not model-specific,https://openrepair.org/open-data/downloads/,2026-08-23T14:57:31.671025+00:00
Smartphone,i phone,I Phone,9,0.6666666666666666,0.7777777777777778,0.2222222222222222,3.0,Lack of equipment,Aggregated brand/category repair events; not model-specific,https://openrepair.org/open-data/downloads/,2026-08-23T14:57:31.671025+00:00
Smartphone,honor,Honor,8,0.375,1.0,0.0,3.5,,Aggregated brand/category repair events; not model-specific,https://openrepair.org/open-data/downloads/,2026-08-23T14:57:31.671025+00:00
Smartphone,zte,ZTE,8,0.375,1.0,0.0,3.0,,Aggregated brand/category repair events; not model-specific,https://openrepair.org/open-data/downloads/,2026-08-23T14:57:31.671025+00:00
Smartphone,android,Android,7,0.5714285714285714,1.0,0.0,2.0,,Aggregated brand/category repair events; not model-specific,https://openrepair.org/open-data/downloads/,2026-08-23T14:57:31.671025+00:00
Smartphone,one plus,One Plus,7,0.42857142857142855,1.0,0.0,2.0,,Aggregated brand/category repair events; not model-specific,https://openrepair.org/open-data/downloads/,2026-08-23T14:57:31.671025+00:00
Smartphone,telekom,Telekom,7,0.42857142857142855,0.7142857142857143,0.2857142857142857,20.0,,Aggregated brand/category repair events; not model-specific,https://openrepair.org/open-data/downloads/,2026-08-23T14:57:31.671025+00:00
Smartphone,itel,Itel,6,0.8333333333333334,1.0,0.0,2.0,,Aggregated brand/category repair events; not model-specific,https://openrepair.org/open-data/downloads/,2026-08-23T14:57:31.671025+00:00
Smartphone,lg electronics,LG Electronics,6,0.8333333333333334,1.0,0.0,4.5,,Aggregated brand/category repair events; not model-specific,https://openrepair.org/open-data/downloads/,2026-08-23T14:57:31.671025+00:00
Smartphone,avm,AVM,5,0.4,0.8,0.2,7.5,,Aggregated brand/category repair events; not model-specific,https://openrepair.org/open-data/downloads/,2026-08-23T14:57:31.671025+00:00
Smartphone,moto,Moto,5,0.4,0.8,0.2,,Repair information not available,Aggregated brand/category repair events; not model-specific,https://openrepair.org/open-data/downloads/,2026-08-23T14:57:31.671025+00:00
Smartphone,nexus,Nexus,5,0.4,0.6,0.4,6.0,,Aggregated brand/category repair events; not model-specific,https://openrepair.org/open-data/downloads/,2026-08-23T14:57:31.671025+00:00
Smartphone,oukitel,Oukitel,5,0.2,0.6,0.4,5.0,,Aggregated brand/category repair events; not model-specific,https://openrepair.org/open-data/downloads/,2026-08-23T14:57:31.671025+00:00
Tablet,unknown,Unknown,1215,0.43621399176954734,0.6691358024691358,0.24773662551440329,5.0,Repair information not available,Aggregated brand/category repair events; not model-specific,https://openrepair.org/open-data/downloads/,2026-08-23T14:57:31.671025+00:00
Tablet,samsung,Samsung,513,0.42884990253411304,0.7855750487329435,0.1968810916179337,5.0,Spare parts too expensive,Aggregated brand/category repair events; not model-specific,https://openrepair.org/open-data/downloads/,2026-08-23T14:57:31.671025+00:00
Tablet,apple,Apple,509,0.4675834970530452,0.8172888015717092,0.17485265225933203,5.0,No way to open product,Aggregated brand/category repair events; not model-specific,https://openrepair.org/open-data/downloads/,2026-08-23T14:57:31.671025+00:00
Tablet,kobo,Kobo,146,0.3424657534246575,0.6027397260273972,0.3972602739726027,6.0,No way to open product,Aggregated brand/category repair events; not model-specific,https://openrepair.org/open-data/downloads/,2026-08-23T14:57:31.671025+00:00
Tablet,tomtom,TomTom,139,0.4028776978417266,0.697841726618705,0.28776978417266186,9.0,Repair information not available,Aggregated brand/category repair events; not model-specific,https://openrepair.org/open-data/downloads/,2026-08-23T14:57:31.671025+00:00
Tablet,amazon,Amazon,124,0.3951612903225806,0.7338709677419355,0.20161290322580644,5.0,No way to open product,Aggregated brand/category repair events; not model-specific,https://openrepair.org/open-data/downloads/,2026-08-23T14:57:31.671025+00:00
Tablet,lenovo,Lenovo,117,0.41025641025641024,0.717948717948718,0.27350427350427353,4.0,Item too worn out,Aggregated brand/category repair events; not model-specific,https://openrepair.org/open-data/downloads/,2026-08-23T14:57:31.671025+00:00
Tablet,garmin,Garmin,89,0.47191011235955055,0.6741573033707865,0.30337078651685395,8.0,Repair information not available,Aggregated brand/category repair events; not model-specific,https://openrepair.org/open-data/downloads/,2026-08-23T14:57:31.671025+00:00
Tablet,asus,Asus,76,0.4605263157894737,0.8552631578947368,0.14473684210526316,5.5,Spare parts not available,Aggregated brand/category repair events; not model-specific,https://openrepair.org/open-data/downloads/,2026-08-23T14:57:31.671025+00:00
Tablet,acer,Acer,40,0.325,0.675,0.3,4.5,Item too worn out,Aggregated brand/category repair events; not model-specific,https://openrepair.org/open-data/downloads/,2026-08-23T14:57:31.671025+00:00
Tablet,sony,Sony,35,0.3142857142857143,0.6571428571428571,0.34285714285714286,5.5,Item too worn out,Aggregated brand/category repair events; not model-specific,https://openrepair.org/open-data/downloads/,2026-08-23T14:57:31.671025+00:00
Tablet,kindle,Kindle,33,0.48484848484848486,0.7575757575757576,0.24242424242424243,4.0,Item too worn out,Aggregated brand/category repair events; not model-specific,https://openrepair.org/open-data/downloads/,2026-08-23T14:57:31.671025+00:00
Tablet,huawei,Huawei,30,0.4666666666666667,0.6,0.4,4.0,Item too worn out,Aggregated brand/category repair events; not model-specific,https://openrepair.org/open-data/downloads/,2026-08-23T14:57:31.671025+00:00
Tablet,medion,Medion,28,0.6071428571428571,0.8928571428571429,0.07142857142857142,6.0,Repair information not available,Aggregated brand/category repair events; not model-specific,https://openrepair.org/open-data/downloads/,2026-08-23T14:57:31.671025+00:00
Tablet,ipad,iPad,27,0.48148148148148145,0.8518518518518519,0.1111111111111111,5.0,,Aggregated brand/category repair events; not model-specific,https://openrepair.org/open-data/downloads/,2026-08-23T14:57:31.671025+00:00
Tablet,microsoft,Microsoft,22,0.3181818181818182,0.7727272727272727,0.22727272727272727,4.0,Spare parts not available,Aggregated brand/category repair events; not model-specific,https://openrepair.org/open-data/downloads/,2026-08-23T14:57:31.671025+00:00
Tablet,hp,HP,21,0.5238095238095238,0.8095238095238095,0.19047619047619047,6.0,Spare parts not available,Aggregated brand/category repair events; not model-specific,https://openrepair.org/open-data/downloads/,2026-08-23T14:57:31.671025+00:00
Tablet,tolino,Tolino,21,0.38095238095238093,0.6190476190476191,0.2857142857142857,5.5,,Aggregated brand/category repair events; not model-specific,https://openrepair.org/open-data/downloads/,2026-08-23T14:57:31.671025+00:00
Tablet,archos,Archos,17,0.29411764705882354,0.5294117647058824,0.47058823529411764,6.0,Spare parts too expensive,Aggregated brand/category repair events; not model-specific,https://openrepair.org/open-data/downloads/,2026-08-23T14:57:31.671025+00:00
Tablet,nexus,Nexus,15,0.2,0.5333333333333333,0.4666666666666667,8.0,Item too worn out,Aggregated brand/category repair events; not model-specific,https://openrepair.org/open-data/downloads/,2026-08-23T14:57:31.671025+00:00
Tablet,google,Google,12,0.25,0.75,0.25,5.5,No way to open product,Aggregated brand/category repair events; not model-specific,https://openrepair.org/open-data/downloads/,2026-08-23T14:57:31.671025+00:00
Tablet,dell,Dell,11,0.5454545454545454,0.7272727272727273,0.2727272727272727,10.0,Lack of equipment,Aggregated brand/category repair events; not model-specific,https://openrepair.org/open-data/downloads/,2026-08-23T14:57:31.671025+00:00
Tablet,denver,Denver,11,0.5454545454545454,0.6363636363636364,0.36363636363636365,3.5,,Aggregated brand/category repair events; not model-specific,https://openrepair.org/open-data/downloads/,2026-08-23T14:57:31.671025+00:00
Tablet,oregon,Oregon,11,0.45454545454545453,0.6363636363636364,0.36363636363636365,10.0,Item too worn out,Aggregated brand/category repair events; not model-specific,https://openrepair.org/open-data/downloads/,2026-08-23T14:57:31.671025+00:00
Tablet,alcatel,Alcatel,9,0.4444444444444444,0.6666666666666666,0.3333333333333333,4.0,Spare parts too expensive,Aggregated brand/category repair events; not model-specific,https://openrepair.org/open-data/downloads/,2026-08-23T14:57:31.671025+00:00
Tablet,appel,appel,9,0.6666666666666666,0.8888888888888888,0.0,8.0,,Aggregated brand/category repair events; not model-specific,https://openrepair.org/open-data/downloads/,2026-08-23T14:57:31.671025+00:00
Tablet,hudl,Hudl,9,0.5555555555555556,0.7777777777777778,0.2222222222222222,6.0,,Aggregated brand/category repair events; not model-specific,https://openrepair.org/open-data/downloads/,2026-08-23T14:57:31.671025+00:00
Tablet,tesco,Tesco,9,0.2222222222222222,0.5555555555555556,0.4444444444444444,5.0,,Aggregated brand/category repair events; not model-specific,https://openrepair.org/open-data/downloads/,2026-08-23T14:57:31.671025+00:00
Tablet,nokia,Nokia,8,0.25,0.625,0.375,10.0,Lack of equipment,Aggregated brand/category repair events; not model-specific,https://openrepair.org/open-data/downloads/,2026-08-23T14:57:31.671025+00:00
Tablet,arnova,Arnova,7,0.42857142857142855,0.42857142857142855,0.42857142857142855,7.5,Spare parts not available,Aggregated brand/category repair events; not model-specific,https://openrepair.org/open-data/downloads/,2026-08-23T14:57:31.671025+00:00
Tablet,alba,Alba,6,0.5,0.8333333333333334,0.16666666666666666,2.0,,Aggregated brand/category repair events; not model-specific,https://openrepair.org/open-data/downloads/,2026-08-23T14:57:31.671025+00:00
Tablet,android,Android,6,0.5,0.8333333333333334,0.0,1.0,,Aggregated brand/category repair events; not model-specific,https://openrepair.org/open-data/downloads/,2026-08-23T14:57:31.671025+00:00
Tablet,empire,Empire,6,0.16666666666666666,0.5,0.5,4.5,,Aggregated brand/category repair events; not model-specific,https://openrepair.org/open-data/downloads/,2026-08-23T14:57:31.671025+00:00
Tablet,mio,Mio,6,0.8333333333333334,1.0,0.0,9.0,,Aggregated brand/category repair events; not model-specific,https://openrepair.org/open-data/downloads/,2026-08-23T14:57:31.671025+00:00
Tablet,wacom,Wacom,6,0.3333333333333333,0.8333333333333334,0.16666666666666666,3.0,,Aggregated brand/category repair events; not model-specific,https://openrepair.org/open-data/downloads/,2026-08-23T14:57:31.671025+00:00
Tablet,cateye,Cateye,5,0.8,1.0,0.0,4.0,,Aggregated brand/category repair events; not model-specific,https://openrepair.org/open-data/downloads/,2026-08-23T14:57:31.671025+00:00
Tablet,linx,Linx,5,0.2,0.8,0.2,4.5,,Aggregated brand/category repair events; not model-specific,https://openrepair.org/open-data/downloads/,2026-08-23T14:57:31.671025+00:00
Tablet,pocketbook,PocketBook,5,0.2,0.4,0.6,4.0,Lack of equipment,Aggregated brand/category repair events; not model-specific,https://openrepair.org/open-data/downloads/,2026-08-23T14:57:31.671025+00:00
Tablet,sigma,Sigma,5,0.6,0.6,0.4,1.5,,Aggregated brand/category repair events; not model-specific,https://openrepair.org/open-data/downloads/,2026-08-23T14:57:31.671025+00:00
Tablet,tfa dostmann,TFA Dostmann,5,0.4,0.6,0.4,12.5,Spare parts not available,Aggregated brand/category repair events; not model-specific,https://openrepair.org/open-data/downloads/,2026-08-23T14:57:31.671025+00:00
